id,voter_id,candidate_id,position_id,election_id,created_at,updated_at
3272,3,4,3,1,2026-05-22 13:45:33,2026-05-22 13:45:33
3273,3,5,4,1,2026-05-22 13:45:33,2026-05-22 13:45:33
3274,3,6,5,1,2026-05-22 13:45:33,2026-05-22 13:45:33
3275,3,7,6,1,2026-05-22 13:45:33,2026-05-22 13:45:33
3276,3,21,7,1,2026-05-22 13:45:33,2026-05-22 13:45:33
3277,3,24,9,1,2026-05-22 13:45:33,2026-05-22 13:45:33
3278,3,25,10,1,2026-05-22 13:45:33,2026-05-22 13:45:33
3279,3,88,12,1,2026-05-22 13:45:33,2026-05-22 13:45:33
3280,3,102,13,1,2026-05-22 13:45:33,2026-05-22 13:45:33
3281,3,90,14,1,2026-05-22 13:45:33,2026-05-22 13:45:33
3282,3,109,16,1,2026-05-22 13:45:33,2026-05-22 13:45:33
3283,4,1,1,1,2026-05-22 09:15:08,2026-05-22 09:15:08
3284,4,4,3,1,2026-05-22 09:15:08,2026-05-22 09:15:08
3285,4,6,5,1,2026-05-22 09:15:08,2026-05-22 09:15:08
3286,4,12,6,1,2026-05-22 09:15:08,2026-05-22 09:15:08
3287,4,24,9,1,2026-05-22 09:15:08,2026-05-22 09:15:08
3288,4,25,10,1,2026-05-22 09:15:08,2026-05-22 09:15:08
3289,4,87,11,1,2026-05-22 09:15:08,2026-05-22 09:15:08
3290,4,101,12,1,2026-05-22 09:15:08,2026-05-22 09:15:08
3291,4,104,15,1,2026-05-22 09:15:08,2026-05-22 09:15:08
3292,4,97,16,1,2026-05-22 09:15:08,2026-05-22 09:15:08
3293,6,1,1,1,2026-05-22 14:14:31,2026-05-22 14:14:31
3294,6,2,2,1,2026-05-22 14:14:31,2026-05-22 14:14:31
3295,6,5,4,1,2026-05-22 14:14:31,2026-05-22 14:14:31
3296,6,6,5,1,2026-05-22 14:14:31,2026-05-22 14:14:31
3297,6,9,6,1,2026-05-22 14:14:31,2026-05-22 14:14:31
3298,6,24,9,1,2026-05-22 14:14:31,2026-05-22 14:14:31
3299,6,25,10,1,2026-05-22 14:14:31,2026-05-22 14:14:31
3300,6,114,12,1,2026-05-22 14:14:31,2026-05-22 14:14:31
3301,6,118,14,1,2026-05-22 14:14:31,2026-05-22 14:14:31
3302,6,128,16,1,2026-05-22 14:14:31,2026-05-22 14:14:31
3303,8,1,1,1,2026-05-22 08:10:33,2026-05-22 08:10:33
3304,8,2,2,1,2026-05-22 08:10:33,2026-05-22 08:10:33
3305,8,4,3,1,2026-05-22 08:10:33,2026-05-22 08:10:33
3306,8,5,4,1,2026-05-22 08:10:33,2026-05-22 08:10:33
3307,8,7,6,1,2026-05-22 08:10:33,2026-05-22 08:10:33
3308,8,25,10,1,2026-05-22 08:10:33,2026-05-22 08:10:33
3309,8,89,13,1,2026-05-22 08:10:33,2026-05-22 08:10:33
3310,8,90,14,1,2026-05-22 08:10:33,2026-05-22 08:10:33
3311,8,80,15,1,2026-05-22 08:10:33,2026-05-22 08:10:33
3312,9,1,1,1,2026-05-22 14:26:18,2026-05-22 14:26:18
3313,9,2,2,1,2026-05-22 14:26:18,2026-05-22 14:26:18
3314,9,4,3,1,2026-05-22 14:26:18,2026-05-22 14:26:18
3315,9,5,4,1,2026-05-22 14:26:18,2026-05-22 14:26:18
3316,9,6,5,1,2026-05-22 14:26:18,2026-05-22 14:26:18
3317,9,11,6,1,2026-05-22 14:26:18,2026-05-22 14:26:18
3318,9,20,7,1,2026-05-22 14:26:18,2026-05-22 14:26:18
3319,9,24,9,1,2026-05-22 14:26:18,2026-05-22 14:26:18
3320,9,25,10,1,2026-05-22 14:26:18,2026-05-22 14:26:18
3321,9,100,11,1,2026-05-22 14:26:18,2026-05-22 14:26:18
3322,9,88,12,1,2026-05-22 14:26:18,2026-05-22 14:26:18
3323,9,89,13,1,2026-05-22 14:26:18,2026-05-22 14:26:18
3324,9,79,14,1,2026-05-22 14:26:18,2026-05-22 14:26:18
3325,9,91,15,1,2026-05-22 14:26:18,2026-05-22 14:26:18
3326,9,110,16,1,2026-05-22 14:26:18,2026-05-22 14:26:18
3327,10,1,1,1,2026-05-22 13:58:32,2026-05-22 13:58:32
3328,10,3,2,1,2026-05-22 13:58:32,2026-05-22 13:58:32
3329,10,4,3,1,2026-05-22 13:58:32,2026-05-22 13:58:32
3330,10,6,5,1,2026-05-22 13:58:32,2026-05-22 13:58:32
3331,10,19,6,1,2026-05-22 13:58:32,2026-05-22 13:58:32
3332,10,21,7,1,2026-05-22 13:58:32,2026-05-22 13:58:32
3333,10,25,10,1,2026-05-22 13:58:32,2026-05-22 13:58:32
3334,10,100,11,1,2026-05-22 13:58:32,2026-05-22 13:58:32
3335,10,114,12,1,2026-05-22 13:58:32,2026-05-22 13:58:32
3336,10,79,14,1,2026-05-22 13:58:32,2026-05-22 13:58:32
3337,10,119,15,1,2026-05-22 13:58:32,2026-05-22 13:58:32
3338,12,1,1,1,2026-05-22 11:27:37,2026-05-22 11:27:37
3339,12,4,3,1,2026-05-22 11:27:37,2026-05-22 11:27:37
3340,12,5,4,1,2026-05-22 11:27:37,2026-05-22 11:27:37
3341,12,18,6,1,2026-05-22 11:27:37,2026-05-22 11:27:37
3342,12,21,7,1,2026-05-22 11:27:37,2026-05-22 11:27:37
3343,12,25,10,1,2026-05-22 11:27:37,2026-05-22 11:27:37
3344,12,100,11,1,2026-05-22 11:27:37,2026-05-22 11:27:37
3345,12,114,12,1,2026-05-22 11:27:37,2026-05-22 11:27:37
3346,12,102,13,1,2026-05-22 11:27:37,2026-05-22 11:27:37
3347,12,91,15,1,2026-05-22 11:27:37,2026-05-22 11:27:37
3348,12,97,16,1,2026-05-22 11:27:37,2026-05-22 11:27:37
3349,13,1,1,1,2026-05-22 15:39:14,2026-05-22 15:39:14
3350,13,3,2,1,2026-05-22 15:39:14,2026-05-22 15:39:14
3351,13,4,3,1,2026-05-22 15:39:14,2026-05-22 15:39:14
3352,13,6,5,1,2026-05-22 15:39:14,2026-05-22 15:39:14
3353,13,11,6,1,2026-05-22 15:39:14,2026-05-22 15:39:14
3354,13,21,7,1,2026-05-22 15:39:14,2026-05-22 15:39:14
3355,13,24,9,1,2026-05-22 15:39:14,2026-05-22 15:39:14
3356,13,25,10,1,2026-05-22 15:39:14,2026-05-22 15:39:14
3357,13,100,11,1,2026-05-22 15:39:14,2026-05-22 15:39:14
3358,13,101,12,1,2026-05-22 15:39:14,2026-05-22 15:39:14
3359,13,78,13,1,2026-05-22 15:39:14,2026-05-22 15:39:14
3360,13,90,14,1,2026-05-22 15:39:14,2026-05-22 15:39:14
3361,13,104,15,1,2026-05-22 15:39:14,2026-05-22 15:39:14
3362,13,105,16,1,2026-05-22 15:39:14,2026-05-22 15:39:14
3363,15,1,1,1,2026-05-22 11:37:30,2026-05-22 11:37:30
3364,15,3,2,1,2026-05-22 11:37:30,2026-05-22 11:37:30
3365,15,5,4,1,2026-05-22 11:37:30,2026-05-22 11:37:30
3366,15,6,5,1,2026-05-22 11:37:30,2026-05-22 11:37:30
3367,15,11,6,1,2026-05-22 11:37:30,2026-05-22 11:37:30
3368,15,20,7,1,2026-05-22 11:37:30,2026-05-22 11:37:30
3369,15,24,9,1,2026-05-22 11:37:30,2026-05-22 11:37:30
3370,15,76,11,1,2026-05-22 11:37:30,2026-05-22 11:37:30
3371,15,116,13,1,2026-05-22 11:37:30,2026-05-22 11:37:30
3372,15,105,16,1,2026-05-22 11:37:30,2026-05-22 11:37:30
3373,17,1,1,1,2026-05-22 11:12:06,2026-05-22 11:12:06
3374,17,3,2,1,2026-05-22 11:12:06,2026-05-22 11:12:06
3375,17,4,3,1,2026-05-22 11:12:06,2026-05-22 11:12:06
3376,17,5,4,1,2026-05-22 11:12:06,2026-05-22 11:12:06
3377,17,6,5,1,2026-05-22 11:12:06,2026-05-22 11:12:06
3378,17,12,6,1,2026-05-22 11:12:06,2026-05-22 11:12:06
3379,17,21,7,1,2026-05-22 11:12:06,2026-05-22 11:12:06
3380,17,24,9,1,2026-05-22 11:12:06,2026-05-22 11:12:06
3381,17,25,10,1,2026-05-22 11:12:06,2026-05-22 11:12:06
3382,17,113,11,1,2026-05-22 11:12:06,2026-05-22 11:12:06
3383,17,77,12,1,2026-05-22 11:12:06,2026-05-22 11:12:06
3384,17,102,13,1,2026-05-22 11:12:06,2026-05-22 11:12:06
3385,17,90,14,1,2026-05-22 11:12:06,2026-05-22 11:12:06
3386,17,104,15,1,2026-05-22 11:12:06,2026-05-22 11:12:06
3387,17,108,16,1,2026-05-22 11:12:06,2026-05-22 11:12:06
3388,18,2,2,1,2026-05-22 13:49:12,2026-05-22 13:49:12
3389,18,4,3,1,2026-05-22 13:49:12,2026-05-22 13:49:12
3390,18,5,4,1,2026-05-22 13:49:12,2026-05-22 13:49:12
3391,18,15,6,1,2026-05-22 13:49:12,2026-05-22 13:49:12
3392,18,20,7,1,2026-05-22 13:49:12,2026-05-22 13:49:12
3393,18,24,9,1,2026-05-22 13:49:12,2026-05-22 13:49:12
3394,18,25,10,1,2026-05-22 13:49:12,2026-05-22 13:49:12
3395,18,76,11,1,2026-05-22 13:49:12,2026-05-22 13:49:12
3396,18,101,12,1,2026-05-22 13:49:12,2026-05-22 13:49:12
3397,18,102,13,1,2026-05-22 13:49:12,2026-05-22 13:49:12
3398,18,118,14,1,2026-05-22 13:49:12,2026-05-22 13:49:12
3399,18,119,15,1,2026-05-22 13:49:12,2026-05-22 13:49:12
3400,18,128,16,1,2026-05-22 13:49:12,2026-05-22 13:49:12
3401,19,1,1,1,2026-05-22 17:56:31,2026-05-22 17:56:31
3402,19,2,2,1,2026-05-22 17:56:31,2026-05-22 17:56:31
3403,19,4,3,1,2026-05-22 17:56:31,2026-05-22 17:56:31
3404,19,5,4,1,2026-05-22 17:56:31,2026-05-22 17:56:31
3405,19,6,5,1,2026-05-22 17:56:31,2026-05-22 17:56:31
3406,19,16,6,1,2026-05-22 17:56:31,2026-05-22 17:56:31
3407,19,20,7,1,2026-05-22 17:56:31,2026-05-22 17:56:31
3408,19,24,9,1,2026-05-22 17:56:31,2026-05-22 17:56:31
3409,19,25,10,1,2026-05-22 17:56:31,2026-05-22 17:56:31
3410,19,113,11,1,2026-05-22 17:56:31,2026-05-22 17:56:31
3411,19,101,12,1,2026-05-22 17:56:31,2026-05-22 17:56:31
3412,19,89,13,1,2026-05-22 17:56:31,2026-05-22 17:56:31
3413,19,118,14,1,2026-05-22 17:56:31,2026-05-22 17:56:31
3414,19,104,15,1,2026-05-22 17:56:31,2026-05-22 17:56:31
3415,19,108,16,1,2026-05-22 17:56:31,2026-05-22 17:56:31
3416,20,1,1,1,2026-05-22 14:54:06,2026-05-22 14:54:06
3417,20,2,2,1,2026-05-22 14:54:06,2026-05-22 14:54:06
3418,20,4,3,1,2026-05-22 14:54:06,2026-05-22 14:54:06
3419,20,6,5,1,2026-05-22 14:54:06,2026-05-22 14:54:06
3420,20,20,7,1,2026-05-22 14:54:06,2026-05-22 14:54:06
3421,20,24,9,1,2026-05-22 14:54:06,2026-05-22 14:54:06
3422,20,25,10,1,2026-05-22 14:54:06,2026-05-22 14:54:06
3423,20,87,11,1,2026-05-22 14:54:06,2026-05-22 14:54:06
3424,20,114,12,1,2026-05-22 14:54:06,2026-05-22 14:54:06
3425,20,79,14,1,2026-05-22 14:54:06,2026-05-22 14:54:06
3426,20,91,15,1,2026-05-22 14:54:06,2026-05-22 14:54:06
3427,23,1,1,1,2026-05-22 16:27:56,2026-05-22 16:27:56
3428,23,2,2,1,2026-05-22 16:27:56,2026-05-22 16:27:56
3429,23,4,3,1,2026-05-22 16:27:56,2026-05-22 16:27:56
3430,23,6,5,1,2026-05-22 16:27:56,2026-05-22 16:27:56
3431,23,8,6,1,2026-05-22 16:27:56,2026-05-22 16:27:56
3432,23,21,7,1,2026-05-22 16:27:56,2026-05-22 16:27:56
3433,23,24,9,1,2026-05-22 16:27:56,2026-05-22 16:27:56
3434,23,25,10,1,2026-05-22 16:27:56,2026-05-22 16:27:56
3435,23,100,11,1,2026-05-22 16:27:56,2026-05-22 16:27:56
3436,23,114,12,1,2026-05-22 16:27:56,2026-05-22 16:27:56
3437,23,102,13,1,2026-05-22 16:27:56,2026-05-22 16:27:56
3438,23,79,14,1,2026-05-22 16:27:56,2026-05-22 16:27:56
3439,23,104,15,1,2026-05-22 16:27:56,2026-05-22 16:27:56
3440,23,81,16,1,2026-05-22 16:27:56,2026-05-22 16:27:56
3441,25,1,1,1,2026-05-22 15:38:48,2026-05-22 15:38:48
3442,25,3,2,1,2026-05-22 15:38:48,2026-05-22 15:38:48
3443,25,4,3,1,2026-05-22 15:38:48,2026-05-22 15:38:48
3444,25,5,4,1,2026-05-22 15:38:48,2026-05-22 15:38:48
3445,25,6,5,1,2026-05-22 15:38:48,2026-05-22 15:38:48
3446,25,12,6,1,2026-05-22 15:38:48,2026-05-22 15:38:48
3447,25,21,7,1,2026-05-22 15:38:48,2026-05-22 15:38:48
3448,25,24,9,1,2026-05-22 15:38:48,2026-05-22 15:38:48
3449,25,25,10,1,2026-05-22 15:38:48,2026-05-22 15:38:48
3450,25,113,11,1,2026-05-22 15:38:48,2026-05-22 15:38:48
3451,25,101,12,1,2026-05-22 15:38:48,2026-05-22 15:38:48
3452,25,78,13,1,2026-05-22 15:38:48,2026-05-22 15:38:48
3453,25,118,14,1,2026-05-22 15:38:48,2026-05-22 15:38:48
3454,25,104,15,1,2026-05-22 15:38:48,2026-05-22 15:38:48
3455,25,95,16,1,2026-05-22 15:38:48,2026-05-22 15:38:48
3456,26,1,1,1,2026-05-22 16:52:32,2026-05-22 16:52:32
3457,26,2,2,1,2026-05-22 16:52:32,2026-05-22 16:52:32
3458,26,6,5,1,2026-05-22 16:52:32,2026-05-22 16:52:32
3459,26,16,6,1,2026-05-22 16:52:32,2026-05-22 16:52:32
3460,26,25,10,1,2026-05-22 16:52:32,2026-05-22 16:52:32
3461,26,113,11,1,2026-05-22 16:52:32,2026-05-22 16:52:32
3462,26,114,12,1,2026-05-22 16:52:32,2026-05-22 16:52:32
3463,26,118,14,1,2026-05-22 16:52:32,2026-05-22 16:52:32
3464,26,80,15,1,2026-05-22 16:52:32,2026-05-22 16:52:32
3465,26,83,16,1,2026-05-22 16:52:32,2026-05-22 16:52:32
3466,27,5,4,1,2026-05-22 13:21:23,2026-05-22 13:21:23
3467,27,6,5,1,2026-05-22 13:21:23,2026-05-22 13:21:23
3468,27,18,6,1,2026-05-22 13:21:23,2026-05-22 13:21:23
3469,27,21,7,1,2026-05-22 13:21:23,2026-05-22 13:21:23
3470,27,24,9,1,2026-05-22 13:21:23,2026-05-22 13:21:23
3471,27,113,11,1,2026-05-22 13:21:23,2026-05-22 13:21:23
3472,27,101,12,1,2026-05-22 13:21:23,2026-05-22 13:21:23
3473,27,102,13,1,2026-05-22 13:21:23,2026-05-22 13:21:23
3474,27,104,15,1,2026-05-22 13:21:23,2026-05-22 13:21:23
3475,27,105,16,1,2026-05-22 13:21:23,2026-05-22 13:21:23
3476,28,1,1,1,2026-05-22 10:11:47,2026-05-22 10:11:47
3477,28,2,2,1,2026-05-22 10:11:47,2026-05-22 10:11:47
3478,28,4,3,1,2026-05-22 10:11:47,2026-05-22 10:11:47
3479,28,5,4,1,2026-05-22 10:11:47,2026-05-22 10:11:47
3480,28,6,5,1,2026-05-22 10:11:47,2026-05-22 10:11:47
3481,28,7,6,1,2026-05-22 10:11:47,2026-05-22 10:11:47
3482,28,20,7,1,2026-05-22 10:11:47,2026-05-22 10:11:47
3483,28,24,9,1,2026-05-22 10:11:47,2026-05-22 10:11:47
3484,28,25,10,1,2026-05-22 10:11:47,2026-05-22 10:11:47
3485,28,76,11,1,2026-05-22 10:11:47,2026-05-22 10:11:47
3486,28,101,12,1,2026-05-22 10:11:47,2026-05-22 10:11:47
3487,28,89,13,1,2026-05-22 10:11:47,2026-05-22 10:11:47
3488,28,119,15,1,2026-05-22 10:11:47,2026-05-22 10:11:47
3489,28,84,16,1,2026-05-22 10:11:47,2026-05-22 10:11:47
3490,30,1,1,1,2026-05-22 08:13:23,2026-05-22 08:13:23
3491,30,2,2,1,2026-05-22 08:13:23,2026-05-22 08:13:23
3492,30,4,3,1,2026-05-22 08:13:23,2026-05-22 08:13:23
3493,30,5,4,1,2026-05-22 08:13:23,2026-05-22 08:13:23
3494,30,6,5,1,2026-05-22 08:13:23,2026-05-22 08:13:23
3495,30,19,6,1,2026-05-22 08:13:23,2026-05-22 08:13:23
3496,30,21,7,1,2026-05-22 08:13:23,2026-05-22 08:13:23
3497,30,24,9,1,2026-05-22 08:13:23,2026-05-22 08:13:23
3498,30,25,10,1,2026-05-22 08:13:23,2026-05-22 08:13:23
3499,30,78,13,1,2026-05-22 08:13:23,2026-05-22 08:13:23
3500,30,118,14,1,2026-05-22 08:13:23,2026-05-22 08:13:23
3501,30,91,15,1,2026-05-22 08:13:23,2026-05-22 08:13:23
3502,30,127,16,1,2026-05-22 08:13:23,2026-05-22 08:13:23
3503,31,1,1,1,2026-05-22 14:55:28,2026-05-22 14:55:28
3504,31,2,2,1,2026-05-22 14:55:28,2026-05-22 14:55:28
3505,31,4,3,1,2026-05-22 14:55:28,2026-05-22 14:55:28
3506,31,6,5,1,2026-05-22 14:55:28,2026-05-22 14:55:28
3507,31,18,6,1,2026-05-22 14:55:28,2026-05-22 14:55:28
3508,31,20,7,1,2026-05-22 14:55:28,2026-05-22 14:55:28
3509,31,24,9,1,2026-05-22 14:55:28,2026-05-22 14:55:28
3510,31,76,11,1,2026-05-22 14:55:28,2026-05-22 14:55:28
3511,31,114,12,1,2026-05-22 14:55:28,2026-05-22 14:55:28
3512,31,118,14,1,2026-05-22 14:55:28,2026-05-22 14:55:28
3513,31,119,15,1,2026-05-22 14:55:28,2026-05-22 14:55:28
3514,31,107,16,1,2026-05-22 14:55:28,2026-05-22 14:55:28
3515,32,2,2,1,2026-05-22 08:35:39,2026-05-22 08:35:39
3516,32,5,4,1,2026-05-22 08:35:39,2026-05-22 08:35:39
3517,32,6,5,1,2026-05-22 08:35:39,2026-05-22 08:35:39
3518,32,18,6,1,2026-05-22 08:35:39,2026-05-22 08:35:39
3519,32,20,7,1,2026-05-22 08:35:39,2026-05-22 08:35:39
3520,32,24,9,1,2026-05-22 08:35:39,2026-05-22 08:35:39
3521,32,102,13,1,2026-05-22 08:35:39,2026-05-22 08:35:39
3522,32,90,14,1,2026-05-22 08:35:39,2026-05-22 08:35:39
3523,32,80,15,1,2026-05-22 08:35:39,2026-05-22 08:35:39
3524,32,82,16,1,2026-05-22 08:35:39,2026-05-22 08:35:39
3525,33,1,1,1,2026-05-22 11:01:13,2026-05-22 11:01:13
3526,33,2,2,1,2026-05-22 11:01:13,2026-05-22 11:01:13
3527,33,4,3,1,2026-05-22 11:01:13,2026-05-22 11:01:13
3528,33,5,4,1,2026-05-22 11:01:13,2026-05-22 11:01:13
3529,33,6,5,1,2026-05-22 11:01:13,2026-05-22 11:01:13
3530,33,7,6,1,2026-05-22 11:01:13,2026-05-22 11:01:13
3531,33,20,7,1,2026-05-22 11:01:13,2026-05-22 11:01:13
3532,33,24,9,1,2026-05-22 11:01:13,2026-05-22 11:01:13
3533,33,25,10,1,2026-05-22 11:01:13,2026-05-22 11:01:13
3534,33,100,11,1,2026-05-22 11:01:13,2026-05-22 11:01:13
3535,33,77,12,1,2026-05-22 11:01:13,2026-05-22 11:01:13
3536,33,89,13,1,2026-05-22 11:01:13,2026-05-22 11:01:13
3537,33,118,14,1,2026-05-22 11:01:13,2026-05-22 11:01:13
3538,33,119,15,1,2026-05-22 11:01:13,2026-05-22 11:01:13
3539,33,106,16,1,2026-05-22 11:01:13,2026-05-22 11:01:13
3540,34,1,1,1,2026-05-22 11:18:14,2026-05-22 11:18:14
3541,34,3,2,1,2026-05-22 11:18:14,2026-05-22 11:18:14
3542,34,4,3,1,2026-05-22 11:18:14,2026-05-22 11:18:14
3543,34,5,4,1,2026-05-22 11:18:14,2026-05-22 11:18:14
3544,34,18,6,1,2026-05-22 11:18:14,2026-05-22 11:18:14
3545,34,20,7,1,2026-05-22 11:18:14,2026-05-22 11:18:14
3546,34,24,9,1,2026-05-22 11:18:14,2026-05-22 11:18:14
3547,34,76,11,1,2026-05-22 11:18:14,2026-05-22 11:18:14
3548,34,101,12,1,2026-05-22 11:18:14,2026-05-22 11:18:14
3549,34,102,13,1,2026-05-22 11:18:14,2026-05-22 11:18:14
3550,34,103,14,1,2026-05-22 11:18:14,2026-05-22 11:18:14
3551,34,80,15,1,2026-05-22 11:18:14,2026-05-22 11:18:14
3552,34,110,16,1,2026-05-22 11:18:14,2026-05-22 11:18:14
3553,35,1,1,1,2026-05-22 17:22:04,2026-05-22 17:22:04
3554,35,3,2,1,2026-05-22 17:22:04,2026-05-22 17:22:04
3555,35,4,3,1,2026-05-22 17:22:04,2026-05-22 17:22:04
3556,35,5,4,1,2026-05-22 17:22:04,2026-05-22 17:22:04
3557,35,6,5,1,2026-05-22 17:22:04,2026-05-22 17:22:04
3558,35,19,6,1,2026-05-22 17:22:04,2026-05-22 17:22:04
3559,35,20,7,1,2026-05-22 17:22:04,2026-05-22 17:22:04
3560,35,24,9,1,2026-05-22 17:22:04,2026-05-22 17:22:04
3561,35,25,10,1,2026-05-22 17:22:04,2026-05-22 17:22:04
3562,35,76,11,1,2026-05-22 17:22:04,2026-05-22 17:22:04
3563,35,114,12,1,2026-05-22 17:22:04,2026-05-22 17:22:04
3564,35,78,13,1,2026-05-22 17:22:04,2026-05-22 17:22:04
3565,35,90,14,1,2026-05-22 17:22:04,2026-05-22 17:22:04
3566,35,80,15,1,2026-05-22 17:22:04,2026-05-22 17:22:04
3567,35,121,16,1,2026-05-22 17:22:04,2026-05-22 17:22:04
3568,36,1,1,1,2026-05-22 10:08:18,2026-05-22 10:08:18
3569,36,2,2,1,2026-05-22 10:08:18,2026-05-22 10:08:18
3570,36,4,3,1,2026-05-22 10:08:18,2026-05-22 10:08:18
3571,36,5,4,1,2026-05-22 10:08:18,2026-05-22 10:08:18
3572,36,6,5,1,2026-05-22 10:08:18,2026-05-22 10:08:18
3573,36,15,6,1,2026-05-22 10:08:18,2026-05-22 10:08:18
3574,36,21,7,1,2026-05-22 10:08:18,2026-05-22 10:08:18
3575,36,24,9,1,2026-05-22 10:08:18,2026-05-22 10:08:18
3576,36,25,10,1,2026-05-22 10:08:18,2026-05-22 10:08:18
3577,36,100,11,1,2026-05-22 10:08:18,2026-05-22 10:08:18
3578,36,101,12,1,2026-05-22 10:08:18,2026-05-22 10:08:18
3579,36,116,13,1,2026-05-22 10:08:18,2026-05-22 10:08:18
3580,36,90,14,1,2026-05-22 10:08:18,2026-05-22 10:08:18
3581,36,119,15,1,2026-05-22 10:08:18,2026-05-22 10:08:18
3582,37,2,2,1,2026-05-22 17:48:16,2026-05-22 17:48:16
3583,37,5,4,1,2026-05-22 17:48:16,2026-05-22 17:48:16
3584,37,6,5,1,2026-05-22 17:48:16,2026-05-22 17:48:16
3585,37,14,6,1,2026-05-22 17:48:16,2026-05-22 17:48:16
3586,37,21,7,1,2026-05-22 17:48:16,2026-05-22 17:48:16
3587,37,24,9,1,2026-05-22 17:48:16,2026-05-22 17:48:16
3588,37,25,10,1,2026-05-22 17:48:16,2026-05-22 17:48:16
3589,37,87,11,1,2026-05-22 17:48:16,2026-05-22 17:48:16
3590,37,116,13,1,2026-05-22 17:48:16,2026-05-22 17:48:16
3591,37,79,14,1,2026-05-22 17:48:16,2026-05-22 17:48:16
3592,37,91,15,1,2026-05-22 17:48:16,2026-05-22 17:48:16
3593,37,127,16,1,2026-05-22 17:48:16,2026-05-22 17:48:16
3594,38,1,1,1,2026-05-22 14:02:37,2026-05-22 14:02:37
3595,38,2,2,1,2026-05-22 14:02:37,2026-05-22 14:02:37
3596,38,4,3,1,2026-05-22 14:02:37,2026-05-22 14:02:37
3597,38,5,4,1,2026-05-22 14:02:37,2026-05-22 14:02:37
3598,38,6,5,1,2026-05-22 14:02:37,2026-05-22 14:02:37
3599,38,16,6,1,2026-05-22 14:02:37,2026-05-22 14:02:37
3600,38,20,7,1,2026-05-22 14:02:37,2026-05-22 14:02:37
3601,38,24,9,1,2026-05-22 14:02:37,2026-05-22 14:02:37
3602,38,25,10,1,2026-05-22 14:02:37,2026-05-22 14:02:37
3603,38,100,11,1,2026-05-22 14:02:37,2026-05-22 14:02:37
3604,38,88,12,1,2026-05-22 14:02:37,2026-05-22 14:02:37
3605,38,78,13,1,2026-05-22 14:02:37,2026-05-22 14:02:37
3606,38,118,14,1,2026-05-22 14:02:37,2026-05-22 14:02:37
3607,38,80,15,1,2026-05-22 14:02:37,2026-05-22 14:02:37
3608,38,84,16,1,2026-05-22 14:02:37,2026-05-22 14:02:37
3609,39,1,1,1,2026-05-22 16:04:36,2026-05-22 16:04:36
3610,39,4,3,1,2026-05-22 16:04:36,2026-05-22 16:04:36
3611,39,5,4,1,2026-05-22 16:04:36,2026-05-22 16:04:36
3612,39,6,5,1,2026-05-22 16:04:36,2026-05-22 16:04:36
3613,39,9,6,1,2026-05-22 16:04:36,2026-05-22 16:04:36
3614,39,88,12,1,2026-05-22 16:04:36,2026-05-22 16:04:36
3615,39,78,13,1,2026-05-22 16:04:36,2026-05-22 16:04:36
3616,39,118,14,1,2026-05-22 16:04:36,2026-05-22 16:04:36
3617,39,91,15,1,2026-05-22 16:04:36,2026-05-22 16:04:36
3618,39,123,16,1,2026-05-22 16:04:36,2026-05-22 16:04:36
3619,41,1,1,1,2026-05-22 10:36:19,2026-05-22 10:36:19
3620,41,6,5,1,2026-05-22 10:36:19,2026-05-22 10:36:19
3621,41,16,6,1,2026-05-22 10:36:19,2026-05-22 10:36:19
3622,41,24,9,1,2026-05-22 10:36:19,2026-05-22 10:36:19
3623,41,25,10,1,2026-05-22 10:36:19,2026-05-22 10:36:19
3624,41,114,12,1,2026-05-22 10:36:19,2026-05-22 10:36:19
3625,41,102,13,1,2026-05-22 10:36:19,2026-05-22 10:36:19
3626,41,118,14,1,2026-05-22 10:36:19,2026-05-22 10:36:19
3627,41,104,15,1,2026-05-22 10:36:19,2026-05-22 10:36:19
3628,41,97,16,1,2026-05-22 10:36:19,2026-05-22 10:36:19
3629,42,1,1,1,2026-05-22 15:00:11,2026-05-22 15:00:11
3630,42,2,2,1,2026-05-22 15:00:11,2026-05-22 15:00:11
3631,42,4,3,1,2026-05-22 15:00:11,2026-05-22 15:00:11
3632,42,5,4,1,2026-05-22 15:00:11,2026-05-22 15:00:11
3633,42,6,5,1,2026-05-22 15:00:11,2026-05-22 15:00:11
3634,42,19,6,1,2026-05-22 15:00:11,2026-05-22 15:00:11
3635,42,21,7,1,2026-05-22 15:00:11,2026-05-22 15:00:11
3636,42,24,9,1,2026-05-22 15:00:11,2026-05-22 15:00:11
3637,42,25,10,1,2026-05-22 15:00:11,2026-05-22 15:00:11
3638,42,76,11,1,2026-05-22 15:00:11,2026-05-22 15:00:11
3639,42,101,12,1,2026-05-22 15:00:11,2026-05-22 15:00:11
3640,42,116,13,1,2026-05-22 15:00:11,2026-05-22 15:00:11
3641,42,79,14,1,2026-05-22 15:00:11,2026-05-22 15:00:11
3642,42,104,15,1,2026-05-22 15:00:11,2026-05-22 15:00:11
3643,42,93,16,1,2026-05-22 15:00:11,2026-05-22 15:00:11
3644,43,4,3,1,2026-05-22 09:38:26,2026-05-22 09:38:26
3645,43,5,4,1,2026-05-22 09:38:26,2026-05-22 09:38:26
3646,43,6,5,1,2026-05-22 09:38:26,2026-05-22 09:38:26
3647,43,12,6,1,2026-05-22 09:38:26,2026-05-22 09:38:26
3648,43,21,7,1,2026-05-22 09:38:26,2026-05-22 09:38:26
3649,43,25,10,1,2026-05-22 09:38:26,2026-05-22 09:38:26
3650,43,113,11,1,2026-05-22 09:38:26,2026-05-22 09:38:26
3651,43,78,13,1,2026-05-22 09:38:26,2026-05-22 09:38:26
3652,43,90,14,1,2026-05-22 09:38:26,2026-05-22 09:38:26
3653,43,91,15,1,2026-05-22 09:38:26,2026-05-22 09:38:26
3654,43,110,16,1,2026-05-22 09:38:26,2026-05-22 09:38:26
3655,45,1,1,1,2026-05-22 14:39:31,2026-05-22 14:39:31
3656,45,3,2,1,2026-05-22 14:39:31,2026-05-22 14:39:31
3657,45,6,5,1,2026-05-22 14:39:31,2026-05-22 14:39:31
3658,45,8,6,1,2026-05-22 14:39:31,2026-05-22 14:39:31
3659,45,20,7,1,2026-05-22 14:39:31,2026-05-22 14:39:31
3660,45,24,9,1,2026-05-22 14:39:31,2026-05-22 14:39:31
3661,45,25,10,1,2026-05-22 14:39:31,2026-05-22 14:39:31
3662,45,101,12,1,2026-05-22 14:39:31,2026-05-22 14:39:31
3663,45,90,14,1,2026-05-22 14:39:31,2026-05-22 14:39:31
3664,46,1,1,1,2026-05-22 09:09:02,2026-05-22 09:09:02
3665,46,2,2,1,2026-05-22 09:09:02,2026-05-22 09:09:02
3666,46,4,3,1,2026-05-22 09:09:02,2026-05-22 09:09:02
3667,46,5,4,1,2026-05-22 09:09:02,2026-05-22 09:09:02
3668,46,6,5,1,2026-05-22 09:09:02,2026-05-22 09:09:02
3669,46,18,6,1,2026-05-22 09:09:02,2026-05-22 09:09:02
3670,46,21,7,1,2026-05-22 09:09:02,2026-05-22 09:09:02
3671,46,24,9,1,2026-05-22 09:09:02,2026-05-22 09:09:02
3672,46,113,11,1,2026-05-22 09:09:02,2026-05-22 09:09:02
3673,46,77,12,1,2026-05-22 09:09:02,2026-05-22 09:09:02
3674,46,116,13,1,2026-05-22 09:09:02,2026-05-22 09:09:02
3675,46,118,14,1,2026-05-22 09:09:02,2026-05-22 09:09:02
3676,46,104,15,1,2026-05-22 09:09:02,2026-05-22 09:09:02
3677,46,82,16,1,2026-05-22 09:09:02,2026-05-22 09:09:02
3678,49,1,1,1,2026-05-22 14:44:43,2026-05-22 14:44:43
3679,49,2,2,1,2026-05-22 14:44:43,2026-05-22 14:44:43
3680,49,5,4,1,2026-05-22 14:44:43,2026-05-22 14:44:43
3681,49,16,6,1,2026-05-22 14:44:43,2026-05-22 14:44:43
3682,49,24,9,1,2026-05-22 14:44:43,2026-05-22 14:44:43
3683,49,25,10,1,2026-05-22 14:44:43,2026-05-22 14:44:43
3684,49,76,11,1,2026-05-22 14:44:43,2026-05-22 14:44:43
3685,49,78,13,1,2026-05-22 14:44:43,2026-05-22 14:44:43
3686,49,103,14,1,2026-05-22 14:44:43,2026-05-22 14:44:43
3687,49,105,16,1,2026-05-22 14:44:43,2026-05-22 14:44:43
3688,50,1,1,1,2026-05-22 10:17:32,2026-05-22 10:17:32
3689,50,2,2,1,2026-05-22 10:17:32,2026-05-22 10:17:32
3690,50,4,3,1,2026-05-22 10:17:32,2026-05-22 10:17:32
3691,50,5,4,1,2026-05-22 10:17:32,2026-05-22 10:17:32
3692,50,6,5,1,2026-05-22 10:17:32,2026-05-22 10:17:32
3693,50,7,6,1,2026-05-22 10:17:32,2026-05-22 10:17:32
3694,50,21,7,1,2026-05-22 10:17:32,2026-05-22 10:17:32
3695,50,24,9,1,2026-05-22 10:17:32,2026-05-22 10:17:32
3696,50,25,10,1,2026-05-22 10:17:32,2026-05-22 10:17:32
3697,50,76,11,1,2026-05-22 10:17:32,2026-05-22 10:17:32
3698,50,88,12,1,2026-05-22 10:17:32,2026-05-22 10:17:32
3699,50,102,13,1,2026-05-22 10:17:32,2026-05-22 10:17:32
3700,50,79,14,1,2026-05-22 10:17:32,2026-05-22 10:17:32
3701,50,91,15,1,2026-05-22 10:17:32,2026-05-22 10:17:32
3702,50,111,16,1,2026-05-22 10:17:32,2026-05-22 10:17:32
3703,51,2,2,1,2026-05-22 17:34:37,2026-05-22 17:34:37
3704,51,6,5,1,2026-05-22 17:34:37,2026-05-22 17:34:37
3705,51,18,6,1,2026-05-22 17:34:37,2026-05-22 17:34:37
3706,51,24,9,1,2026-05-22 17:34:37,2026-05-22 17:34:37
3707,51,25,10,1,2026-05-22 17:34:37,2026-05-22 17:34:37
3708,51,78,13,1,2026-05-22 17:34:37,2026-05-22 17:34:37
3709,51,79,14,1,2026-05-22 17:34:37,2026-05-22 17:34:37
3710,51,119,15,1,2026-05-22 17:34:37,2026-05-22 17:34:37
3711,51,110,16,1,2026-05-22 17:34:37,2026-05-22 17:34:37
3712,52,1,1,1,2026-05-22 15:45:36,2026-05-22 15:45:36
3713,52,3,2,1,2026-05-22 15:45:36,2026-05-22 15:45:36
3714,52,4,3,1,2026-05-22 15:45:36,2026-05-22 15:45:36
3715,52,5,4,1,2026-05-22 15:45:36,2026-05-22 15:45:36
3716,52,6,5,1,2026-05-22 15:45:36,2026-05-22 15:45:36
3717,52,15,6,1,2026-05-22 15:45:36,2026-05-22 15:45:36
3718,52,24,9,1,2026-05-22 15:45:36,2026-05-22 15:45:36
3719,52,25,10,1,2026-05-22 15:45:36,2026-05-22 15:45:36
3720,52,113,11,1,2026-05-22 15:45:36,2026-05-22 15:45:36
3721,52,101,12,1,2026-05-22 15:45:36,2026-05-22 15:45:36
3722,52,116,13,1,2026-05-22 15:45:36,2026-05-22 15:45:36
3723,52,118,14,1,2026-05-22 15:45:36,2026-05-22 15:45:36
3724,52,119,15,1,2026-05-22 15:45:36,2026-05-22 15:45:36
3725,52,84,16,1,2026-05-22 15:45:36,2026-05-22 15:45:36
3726,53,1,1,1,2026-05-22 13:41:23,2026-05-22 13:41:23
3727,53,3,2,1,2026-05-22 13:41:23,2026-05-22 13:41:23
3728,53,4,3,1,2026-05-22 13:41:23,2026-05-22 13:41:23
3729,53,5,4,1,2026-05-22 13:41:23,2026-05-22 13:41:23
3730,53,6,5,1,2026-05-22 13:41:23,2026-05-22 13:41:23
3731,53,8,6,1,2026-05-22 13:41:23,2026-05-22 13:41:23
3732,53,21,7,1,2026-05-22 13:41:23,2026-05-22 13:41:23
3733,53,24,9,1,2026-05-22 13:41:23,2026-05-22 13:41:23
3734,53,25,10,1,2026-05-22 13:41:23,2026-05-22 13:41:23
3735,53,77,12,1,2026-05-22 13:41:23,2026-05-22 13:41:23
3736,53,102,13,1,2026-05-22 13:41:23,2026-05-22 13:41:23
3737,53,107,16,1,2026-05-22 13:41:23,2026-05-22 13:41:23
3738,54,3,2,1,2026-05-22 14:24:05,2026-05-22 14:24:05
3739,54,4,3,1,2026-05-22 14:24:05,2026-05-22 14:24:05
3740,54,5,4,1,2026-05-22 14:24:05,2026-05-22 14:24:05
3741,54,24,9,1,2026-05-22 14:24:05,2026-05-22 14:24:05
3742,54,25,10,1,2026-05-22 14:24:05,2026-05-22 14:24:05
3743,54,76,11,1,2026-05-22 14:24:05,2026-05-22 14:24:05
3744,54,101,12,1,2026-05-22 14:24:05,2026-05-22 14:24:05
3745,54,78,13,1,2026-05-22 14:24:05,2026-05-22 14:24:05
3746,54,90,14,1,2026-05-22 14:24:05,2026-05-22 14:24:05
3747,57,1,1,1,2026-05-22 12:58:29,2026-05-22 12:58:29
3748,57,3,2,1,2026-05-22 12:58:29,2026-05-22 12:58:29
3749,57,4,3,1,2026-05-22 12:58:29,2026-05-22 12:58:29
3750,57,5,4,1,2026-05-22 12:58:29,2026-05-22 12:58:29
3751,57,6,5,1,2026-05-22 12:58:29,2026-05-22 12:58:29
3752,57,14,6,1,2026-05-22 12:58:29,2026-05-22 12:58:29
3753,57,21,7,1,2026-05-22 12:58:29,2026-05-22 12:58:29
3754,57,24,9,1,2026-05-22 12:58:29,2026-05-22 12:58:29
3755,57,25,10,1,2026-05-22 12:58:29,2026-05-22 12:58:29
3756,57,76,11,1,2026-05-22 12:58:29,2026-05-22 12:58:29
3757,57,88,12,1,2026-05-22 12:58:29,2026-05-22 12:58:29
3758,57,90,14,1,2026-05-22 12:58:29,2026-05-22 12:58:29
3759,57,80,15,1,2026-05-22 12:58:29,2026-05-22 12:58:29
3760,57,83,16,1,2026-05-22 12:58:29,2026-05-22 12:58:29
3761,58,1,1,1,2026-05-22 12:57:12,2026-05-22 12:57:12
3762,58,4,3,1,2026-05-22 12:57:12,2026-05-22 12:57:12
3763,58,5,4,1,2026-05-22 12:57:12,2026-05-22 12:57:12
3764,58,6,5,1,2026-05-22 12:57:12,2026-05-22 12:57:12
3765,58,21,7,1,2026-05-22 12:57:12,2026-05-22 12:57:12
3766,58,24,9,1,2026-05-22 12:57:12,2026-05-22 12:57:12
3767,58,25,10,1,2026-05-22 12:57:12,2026-05-22 12:57:12
3768,58,113,11,1,2026-05-22 12:57:12,2026-05-22 12:57:12
3769,58,77,12,1,2026-05-22 12:57:12,2026-05-22 12:57:12
3770,58,78,13,1,2026-05-22 12:57:12,2026-05-22 12:57:12
3771,58,90,14,1,2026-05-22 12:57:12,2026-05-22 12:57:12
3772,58,104,15,1,2026-05-22 12:57:12,2026-05-22 12:57:12
3773,59,1,1,1,2026-05-22 11:50:43,2026-05-22 11:50:43
3774,59,3,2,1,2026-05-22 11:50:43,2026-05-22 11:50:43
3775,59,4,3,1,2026-05-22 11:50:43,2026-05-22 11:50:43
3776,59,5,4,1,2026-05-22 11:50:43,2026-05-22 11:50:43
3777,59,6,5,1,2026-05-22 11:50:43,2026-05-22 11:50:43
3778,59,16,6,1,2026-05-22 11:50:43,2026-05-22 11:50:43
3779,59,20,7,1,2026-05-22 11:50:43,2026-05-22 11:50:43
3780,59,24,9,1,2026-05-22 11:50:43,2026-05-22 11:50:43
3781,59,25,10,1,2026-05-22 11:50:43,2026-05-22 11:50:43
3782,59,113,11,1,2026-05-22 11:50:43,2026-05-22 11:50:43
3783,59,114,12,1,2026-05-22 11:50:43,2026-05-22 11:50:43
3784,59,102,13,1,2026-05-22 11:50:43,2026-05-22 11:50:43
3785,59,79,14,1,2026-05-22 11:50:43,2026-05-22 11:50:43
3786,59,119,15,1,2026-05-22 11:50:43,2026-05-22 11:50:43
3787,59,81,16,1,2026-05-22 11:50:43,2026-05-22 11:50:43
3788,60,3,2,1,2026-05-22 13:54:44,2026-05-22 13:54:44
3789,60,5,4,1,2026-05-22 13:54:44,2026-05-22 13:54:44
3790,60,15,6,1,2026-05-22 13:54:44,2026-05-22 13:54:44
3791,60,21,7,1,2026-05-22 13:54:44,2026-05-22 13:54:44
3792,60,24,9,1,2026-05-22 13:54:44,2026-05-22 13:54:44
3793,60,87,11,1,2026-05-22 13:54:44,2026-05-22 13:54:44
3794,60,102,13,1,2026-05-22 13:54:44,2026-05-22 13:54:44
3795,60,90,14,1,2026-05-22 13:54:44,2026-05-22 13:54:44
3796,60,80,15,1,2026-05-22 13:54:44,2026-05-22 13:54:44
3797,60,127,16,1,2026-05-22 13:54:44,2026-05-22 13:54:44
3798,61,2,2,1,2026-05-22 10:04:32,2026-05-22 10:04:32
3799,61,4,3,1,2026-05-22 10:04:32,2026-05-22 10:04:32
3800,61,5,4,1,2026-05-22 10:04:32,2026-05-22 10:04:32
3801,61,6,5,1,2026-05-22 10:04:32,2026-05-22 10:04:32
3802,61,16,6,1,2026-05-22 10:04:32,2026-05-22 10:04:32
3803,61,21,7,1,2026-05-22 10:04:32,2026-05-22 10:04:32
3804,61,24,9,1,2026-05-22 10:04:32,2026-05-22 10:04:32
3805,61,25,10,1,2026-05-22 10:04:32,2026-05-22 10:04:32
3806,61,87,11,1,2026-05-22 10:04:32,2026-05-22 10:04:32
3807,61,114,12,1,2026-05-22 10:04:32,2026-05-22 10:04:32
3808,61,78,13,1,2026-05-22 10:04:32,2026-05-22 10:04:32
3809,61,118,14,1,2026-05-22 10:04:32,2026-05-22 10:04:32
3810,61,119,15,1,2026-05-22 10:04:32,2026-05-22 10:04:32
3811,63,1,1,1,2026-05-22 13:30:45,2026-05-22 13:30:45
3812,63,3,2,1,2026-05-22 13:30:45,2026-05-22 13:30:45
3813,63,4,3,1,2026-05-22 13:30:45,2026-05-22 13:30:45
3814,63,5,4,1,2026-05-22 13:30:45,2026-05-22 13:30:45
3815,63,6,5,1,2026-05-22 13:30:45,2026-05-22 13:30:45
3816,63,14,6,1,2026-05-22 13:30:45,2026-05-22 13:30:45
3817,63,21,7,1,2026-05-22 13:30:45,2026-05-22 13:30:45
3818,63,24,9,1,2026-05-22 13:30:45,2026-05-22 13:30:45
3819,63,25,10,1,2026-05-22 13:30:45,2026-05-22 13:30:45
3820,63,113,11,1,2026-05-22 13:30:45,2026-05-22 13:30:45
3821,63,77,12,1,2026-05-22 13:30:45,2026-05-22 13:30:45
3822,63,102,13,1,2026-05-22 13:30:45,2026-05-22 13:30:45
3823,63,79,14,1,2026-05-22 13:30:45,2026-05-22 13:30:45
3824,63,91,15,1,2026-05-22 13:30:45,2026-05-22 13:30:45
3825,63,82,16,1,2026-05-22 13:30:45,2026-05-22 13:30:45
3826,64,1,1,1,2026-05-22 12:30:36,2026-05-22 12:30:36
3827,64,4,3,1,2026-05-22 12:30:36,2026-05-22 12:30:36
3828,64,5,4,1,2026-05-22 12:30:36,2026-05-22 12:30:36
3829,64,6,5,1,2026-05-22 12:30:36,2026-05-22 12:30:36
3830,64,18,6,1,2026-05-22 12:30:36,2026-05-22 12:30:36
3831,64,21,7,1,2026-05-22 12:30:36,2026-05-22 12:30:36
3832,64,24,9,1,2026-05-22 12:30:36,2026-05-22 12:30:36
3833,64,25,10,1,2026-05-22 12:30:36,2026-05-22 12:30:36
3834,64,87,11,1,2026-05-22 12:30:36,2026-05-22 12:30:36
3835,64,101,12,1,2026-05-22 12:30:36,2026-05-22 12:30:36
3836,64,78,13,1,2026-05-22 12:30:36,2026-05-22 12:30:36
3837,64,90,14,1,2026-05-22 12:30:36,2026-05-22 12:30:36
3838,64,104,15,1,2026-05-22 12:30:36,2026-05-22 12:30:36
3839,64,107,16,1,2026-05-22 12:30:36,2026-05-22 12:30:36
3840,66,2,2,1,2026-05-22 15:08:07,2026-05-22 15:08:07
3841,66,4,3,1,2026-05-22 15:08:07,2026-05-22 15:08:07
3842,66,6,5,1,2026-05-22 15:08:07,2026-05-22 15:08:07
3843,66,7,6,1,2026-05-22 15:08:07,2026-05-22 15:08:07
3844,66,21,7,1,2026-05-22 15:08:07,2026-05-22 15:08:07
3845,66,25,10,1,2026-05-22 15:08:07,2026-05-22 15:08:07
3846,66,87,11,1,2026-05-22 15:08:07,2026-05-22 15:08:07
3847,66,88,12,1,2026-05-22 15:08:07,2026-05-22 15:08:07
3848,66,102,13,1,2026-05-22 15:08:07,2026-05-22 15:08:07
3849,66,123,16,1,2026-05-22 15:08:07,2026-05-22 15:08:07
3850,67,1,1,1,2026-05-22 11:29:43,2026-05-22 11:29:43
3851,67,3,2,1,2026-05-22 11:29:43,2026-05-22 11:29:43
3852,67,4,3,1,2026-05-22 11:29:43,2026-05-22 11:29:43
3853,67,6,5,1,2026-05-22 11:29:43,2026-05-22 11:29:43
3854,67,9,6,1,2026-05-22 11:29:43,2026-05-22 11:29:43
3855,67,25,10,1,2026-05-22 11:29:43,2026-05-22 11:29:43
3856,67,113,11,1,2026-05-22 11:29:43,2026-05-22 11:29:43
3857,67,79,14,1,2026-05-22 11:29:43,2026-05-22 11:29:43
3858,67,119,15,1,2026-05-22 11:29:43,2026-05-22 11:29:43
3859,67,109,16,1,2026-05-22 11:29:43,2026-05-22 11:29:43
3860,68,3,2,1,2026-05-22 12:19:26,2026-05-22 12:19:26
3861,68,4,3,1,2026-05-22 12:19:26,2026-05-22 12:19:26
3862,68,5,4,1,2026-05-22 12:19:26,2026-05-22 12:19:26
3863,68,6,5,1,2026-05-22 12:19:26,2026-05-22 12:19:26
3864,68,21,7,1,2026-05-22 12:19:26,2026-05-22 12:19:26
3865,68,24,9,1,2026-05-22 12:19:26,2026-05-22 12:19:26
3866,68,25,10,1,2026-05-22 12:19:26,2026-05-22 12:19:26
3867,68,87,11,1,2026-05-22 12:19:26,2026-05-22 12:19:26
3868,68,101,12,1,2026-05-22 12:19:26,2026-05-22 12:19:26
3869,68,78,13,1,2026-05-22 12:19:26,2026-05-22 12:19:26
3870,68,118,14,1,2026-05-22 12:19:26,2026-05-22 12:19:26
3871,68,109,16,1,2026-05-22 12:19:26,2026-05-22 12:19:26
3872,70,1,1,1,2026-05-22 09:52:03,2026-05-22 09:52:03
3873,70,2,2,1,2026-05-22 09:52:03,2026-05-22 09:52:03
3874,70,4,3,1,2026-05-22 09:52:03,2026-05-22 09:52:03
3875,70,5,4,1,2026-05-22 09:52:03,2026-05-22 09:52:03
3876,70,6,5,1,2026-05-22 09:52:03,2026-05-22 09:52:03
3877,70,18,6,1,2026-05-22 09:52:03,2026-05-22 09:52:03
3878,70,21,7,1,2026-05-22 09:52:03,2026-05-22 09:52:03
3879,70,24,9,1,2026-05-22 09:52:03,2026-05-22 09:52:03
3880,70,25,10,1,2026-05-22 09:52:03,2026-05-22 09:52:03
3881,70,77,12,1,2026-05-22 09:52:03,2026-05-22 09:52:03
3882,70,102,13,1,2026-05-22 09:52:03,2026-05-22 09:52:03
3883,70,90,14,1,2026-05-22 09:52:03,2026-05-22 09:52:03
3884,70,80,15,1,2026-05-22 09:52:03,2026-05-22 09:52:03
3885,70,108,16,1,2026-05-22 09:52:03,2026-05-22 09:52:03
3886,73,1,1,1,2026-05-22 09:48:13,2026-05-22 09:48:13
3887,73,3,2,1,2026-05-22 09:48:13,2026-05-22 09:48:13
3888,73,4,3,1,2026-05-22 09:48:13,2026-05-22 09:48:13
3889,73,5,4,1,2026-05-22 09:48:13,2026-05-22 09:48:13
3890,73,6,5,1,2026-05-22 09:48:13,2026-05-22 09:48:13
3891,73,8,6,1,2026-05-22 09:48:13,2026-05-22 09:48:13
3892,73,21,7,1,2026-05-22 09:48:13,2026-05-22 09:48:13
3893,73,24,9,1,2026-05-22 09:48:13,2026-05-22 09:48:13
3894,73,25,10,1,2026-05-22 09:48:13,2026-05-22 09:48:13
3895,73,76,11,1,2026-05-22 09:48:13,2026-05-22 09:48:13
3896,73,77,12,1,2026-05-22 09:48:13,2026-05-22 09:48:13
3897,73,89,13,1,2026-05-22 09:48:13,2026-05-22 09:48:13
3898,73,118,14,1,2026-05-22 09:48:13,2026-05-22 09:48:13
3899,73,119,15,1,2026-05-22 09:48:13,2026-05-22 09:48:13
3900,73,83,16,1,2026-05-22 09:48:13,2026-05-22 09:48:13
3901,74,1,1,1,2026-05-22 10:01:05,2026-05-22 10:01:05
3902,74,3,2,1,2026-05-22 10:01:05,2026-05-22 10:01:05
3903,74,4,3,1,2026-05-22 10:01:05,2026-05-22 10:01:05
3904,74,5,4,1,2026-05-22 10:01:05,2026-05-22 10:01:05
3905,74,6,5,1,2026-05-22 10:01:05,2026-05-22 10:01:05
3906,74,16,6,1,2026-05-22 10:01:05,2026-05-22 10:01:05
3907,74,20,7,1,2026-05-22 10:01:05,2026-05-22 10:01:05
3908,74,24,9,1,2026-05-22 10:01:05,2026-05-22 10:01:05
3909,74,25,10,1,2026-05-22 10:01:05,2026-05-22 10:01:05
3910,74,100,11,1,2026-05-22 10:01:05,2026-05-22 10:01:05
3911,74,77,12,1,2026-05-22 10:01:05,2026-05-22 10:01:05
3912,74,102,13,1,2026-05-22 10:01:05,2026-05-22 10:01:05
3913,74,79,14,1,2026-05-22 10:01:05,2026-05-22 10:01:05
3914,74,104,15,1,2026-05-22 10:01:05,2026-05-22 10:01:05
3915,74,105,16,1,2026-05-22 10:01:05,2026-05-22 10:01:05
3916,77,1,1,1,2026-05-22 09:53:13,2026-05-22 09:53:13
3917,77,2,2,1,2026-05-22 09:53:13,2026-05-22 09:53:13
3918,77,4,3,1,2026-05-22 09:53:13,2026-05-22 09:53:13
3919,77,5,4,1,2026-05-22 09:53:13,2026-05-22 09:53:13
3920,77,6,5,1,2026-05-22 09:53:13,2026-05-22 09:53:13
3921,77,11,6,1,2026-05-22 09:53:13,2026-05-22 09:53:13
3922,77,20,7,1,2026-05-22 09:53:13,2026-05-22 09:53:13
3923,77,24,9,1,2026-05-22 09:53:13,2026-05-22 09:53:13
3924,77,25,10,1,2026-05-22 09:53:13,2026-05-22 09:53:13
3925,77,100,11,1,2026-05-22 09:53:13,2026-05-22 09:53:13
3926,77,101,12,1,2026-05-22 09:53:13,2026-05-22 09:53:13
3927,77,116,13,1,2026-05-22 09:53:13,2026-05-22 09:53:13
3928,77,118,14,1,2026-05-22 09:53:13,2026-05-22 09:53:13
3929,77,104,15,1,2026-05-22 09:53:13,2026-05-22 09:53:13
3930,77,82,16,1,2026-05-22 09:53:13,2026-05-22 09:53:13
3931,79,1,1,1,2026-05-22 11:28:44,2026-05-22 11:28:44
3932,79,3,2,1,2026-05-22 11:28:44,2026-05-22 11:28:44
3933,79,4,3,1,2026-05-22 11:28:44,2026-05-22 11:28:44
3934,79,5,4,1,2026-05-22 11:28:44,2026-05-22 11:28:44
3935,79,6,5,1,2026-05-22 11:28:44,2026-05-22 11:28:44
3936,79,16,6,1,2026-05-22 11:28:44,2026-05-22 11:28:44
3937,79,21,7,1,2026-05-22 11:28:44,2026-05-22 11:28:44
3938,79,101,12,1,2026-05-22 11:28:44,2026-05-22 11:28:44
3939,79,103,14,1,2026-05-22 11:28:44,2026-05-22 11:28:44
3940,79,80,15,1,2026-05-22 11:28:44,2026-05-22 11:28:44
3941,79,111,16,1,2026-05-22 11:28:44,2026-05-22 11:28:44
3942,82,3,2,1,2026-05-22 09:26:12,2026-05-22 09:26:12
3943,82,4,3,1,2026-05-22 09:26:12,2026-05-22 09:26:12
3944,82,6,5,1,2026-05-22 09:26:12,2026-05-22 09:26:12
3945,82,16,6,1,2026-05-22 09:26:12,2026-05-22 09:26:12
3946,82,21,7,1,2026-05-22 09:26:12,2026-05-22 09:26:12
3947,82,25,10,1,2026-05-22 09:26:12,2026-05-22 09:26:12
3948,82,76,11,1,2026-05-22 09:26:12,2026-05-22 09:26:12
3949,82,101,12,1,2026-05-22 09:26:12,2026-05-22 09:26:12
3950,82,116,13,1,2026-05-22 09:26:12,2026-05-22 09:26:12
3951,82,103,14,1,2026-05-22 09:26:12,2026-05-22 09:26:12
3952,82,80,15,1,2026-05-22 09:26:12,2026-05-22 09:26:12
3953,82,83,16,1,2026-05-22 09:26:12,2026-05-22 09:26:12
3954,84,1,1,1,2026-05-22 15:23:41,2026-05-22 15:23:41
3955,84,3,2,1,2026-05-22 15:23:41,2026-05-22 15:23:41
3956,84,4,3,1,2026-05-22 15:23:41,2026-05-22 15:23:41
3957,84,21,7,1,2026-05-22 15:23:41,2026-05-22 15:23:41
3958,84,24,9,1,2026-05-22 15:23:41,2026-05-22 15:23:41
3959,84,25,10,1,2026-05-22 15:23:41,2026-05-22 15:23:41
3960,84,113,11,1,2026-05-22 15:23:41,2026-05-22 15:23:41
3961,84,101,12,1,2026-05-22 15:23:41,2026-05-22 15:23:41
3962,84,102,13,1,2026-05-22 15:23:41,2026-05-22 15:23:41
3963,84,118,14,1,2026-05-22 15:23:41,2026-05-22 15:23:41
3964,84,80,15,1,2026-05-22 15:23:41,2026-05-22 15:23:41
3965,85,1,1,1,2026-05-22 10:30:23,2026-05-22 10:30:23
3966,85,3,2,1,2026-05-22 10:30:23,2026-05-22 10:30:23
3967,85,4,3,1,2026-05-22 10:30:23,2026-05-22 10:30:23
3968,85,5,4,1,2026-05-22 10:30:23,2026-05-22 10:30:23
3969,85,6,5,1,2026-05-22 10:30:23,2026-05-22 10:30:23
3970,85,19,6,1,2026-05-22 10:30:23,2026-05-22 10:30:23
3971,85,21,7,1,2026-05-22 10:30:23,2026-05-22 10:30:23
3972,85,25,10,1,2026-05-22 10:30:23,2026-05-22 10:30:23
3973,85,87,11,1,2026-05-22 10:30:23,2026-05-22 10:30:23
3974,85,77,12,1,2026-05-22 10:30:23,2026-05-22 10:30:23
3975,85,89,13,1,2026-05-22 10:30:23,2026-05-22 10:30:23
3976,85,79,14,1,2026-05-22 10:30:23,2026-05-22 10:30:23
3977,85,121,16,1,2026-05-22 10:30:23,2026-05-22 10:30:23
3978,86,1,1,1,2026-05-22 11:08:35,2026-05-22 11:08:35
3979,86,2,2,1,2026-05-22 11:08:35,2026-05-22 11:08:35
3980,86,4,3,1,2026-05-22 11:08:35,2026-05-22 11:08:35
3981,86,5,4,1,2026-05-22 11:08:35,2026-05-22 11:08:35
3982,86,6,5,1,2026-05-22 11:08:35,2026-05-22 11:08:35
3983,86,7,6,1,2026-05-22 11:08:35,2026-05-22 11:08:35
3984,86,21,7,1,2026-05-22 11:08:35,2026-05-22 11:08:35
3985,86,24,9,1,2026-05-22 11:08:35,2026-05-22 11:08:35
3986,86,25,10,1,2026-05-22 11:08:35,2026-05-22 11:08:35
3987,86,87,11,1,2026-05-22 11:08:35,2026-05-22 11:08:35
3988,86,77,12,1,2026-05-22 11:08:35,2026-05-22 11:08:35
3989,86,78,13,1,2026-05-22 11:08:35,2026-05-22 11:08:35
3990,86,103,14,1,2026-05-22 11:08:35,2026-05-22 11:08:35
3991,86,119,15,1,2026-05-22 11:08:35,2026-05-22 11:08:35
3992,87,1,1,1,2026-05-22 16:42:49,2026-05-22 16:42:49
3993,87,2,2,1,2026-05-22 16:42:49,2026-05-22 16:42:49
3994,87,4,3,1,2026-05-22 16:42:49,2026-05-22 16:42:49
3995,87,5,4,1,2026-05-22 16:42:49,2026-05-22 16:42:49
3996,87,6,5,1,2026-05-22 16:42:49,2026-05-22 16:42:49
3997,87,18,6,1,2026-05-22 16:42:49,2026-05-22 16:42:49
3998,87,20,7,1,2026-05-22 16:42:49,2026-05-22 16:42:49
3999,87,100,11,1,2026-05-22 16:42:49,2026-05-22 16:42:49
4000,87,88,12,1,2026-05-22 16:42:49,2026-05-22 16:42:49
4001,87,89,13,1,2026-05-22 16:42:49,2026-05-22 16:42:49
4002,87,103,14,1,2026-05-22 16:42:49,2026-05-22 16:42:49
4003,87,91,15,1,2026-05-22 16:42:49,2026-05-22 16:42:49
4004,87,109,16,1,2026-05-22 16:42:49,2026-05-22 16:42:49
4005,88,2,2,1,2026-05-22 17:26:46,2026-05-22 17:26:46
4006,88,4,3,1,2026-05-22 17:26:46,2026-05-22 17:26:46
4007,88,5,4,1,2026-05-22 17:26:46,2026-05-22 17:26:46
4008,88,6,5,1,2026-05-22 17:26:46,2026-05-22 17:26:46
4009,88,19,6,1,2026-05-22 17:26:46,2026-05-22 17:26:46
4010,88,24,9,1,2026-05-22 17:26:46,2026-05-22 17:26:46
4011,88,25,10,1,2026-05-22 17:26:46,2026-05-22 17:26:46
4012,88,76,11,1,2026-05-22 17:26:46,2026-05-22 17:26:46
4013,88,77,12,1,2026-05-22 17:26:46,2026-05-22 17:26:46
4014,88,79,14,1,2026-05-22 17:26:46,2026-05-22 17:26:46
4015,88,104,15,1,2026-05-22 17:26:46,2026-05-22 17:26:46
4016,89,1,1,1,2026-05-22 11:50:15,2026-05-22 11:50:15
4017,89,2,2,1,2026-05-22 11:50:15,2026-05-22 11:50:15
4018,89,4,3,1,2026-05-22 11:50:15,2026-05-22 11:50:15
4019,89,5,4,1,2026-05-22 11:50:15,2026-05-22 11:50:15
4020,89,6,5,1,2026-05-22 11:50:15,2026-05-22 11:50:15
4021,89,15,6,1,2026-05-22 11:50:15,2026-05-22 11:50:15
4022,89,21,7,1,2026-05-22 11:50:15,2026-05-22 11:50:15
4023,89,24,9,1,2026-05-22 11:50:15,2026-05-22 11:50:15
4024,89,25,10,1,2026-05-22 11:50:15,2026-05-22 11:50:15
4025,89,100,11,1,2026-05-22 11:50:15,2026-05-22 11:50:15
4026,89,88,12,1,2026-05-22 11:50:15,2026-05-22 11:50:15
4027,89,102,13,1,2026-05-22 11:50:15,2026-05-22 11:50:15
4028,89,103,14,1,2026-05-22 11:50:15,2026-05-22 11:50:15
4029,89,104,15,1,2026-05-22 11:50:15,2026-05-22 11:50:15
4030,89,110,16,1,2026-05-22 11:50:15,2026-05-22 11:50:15
4031,91,1,1,1,2026-05-22 10:22:49,2026-05-22 10:22:49
4032,91,3,2,1,2026-05-22 10:22:49,2026-05-22 10:22:49
4033,91,4,3,1,2026-05-22 10:22:49,2026-05-22 10:22:49
4034,91,5,4,1,2026-05-22 10:22:49,2026-05-22 10:22:49
4035,91,6,5,1,2026-05-22 10:22:49,2026-05-22 10:22:49
4036,91,19,6,1,2026-05-22 10:22:49,2026-05-22 10:22:49
4037,91,21,7,1,2026-05-22 10:22:49,2026-05-22 10:22:49
4038,91,24,9,1,2026-05-22 10:22:49,2026-05-22 10:22:49
4039,91,25,10,1,2026-05-22 10:22:49,2026-05-22 10:22:49
4040,91,113,11,1,2026-05-22 10:22:49,2026-05-22 10:22:49
4041,91,114,12,1,2026-05-22 10:22:49,2026-05-22 10:22:49
4042,91,116,13,1,2026-05-22 10:22:49,2026-05-22 10:22:49
4043,91,103,14,1,2026-05-22 10:22:49,2026-05-22 10:22:49
4044,91,119,15,1,2026-05-22 10:22:49,2026-05-22 10:22:49
4045,91,81,16,1,2026-05-22 10:22:49,2026-05-22 10:22:49
4046,93,1,1,1,2026-05-22 09:38:21,2026-05-22 09:38:21
4047,93,4,3,1,2026-05-22 09:38:21,2026-05-22 09:38:21
4048,93,5,4,1,2026-05-22 09:38:21,2026-05-22 09:38:21
4049,93,6,5,1,2026-05-22 09:38:21,2026-05-22 09:38:21
4050,93,9,6,1,2026-05-22 09:38:21,2026-05-22 09:38:21
4051,93,24,9,1,2026-05-22 09:38:21,2026-05-22 09:38:21
4052,93,25,10,1,2026-05-22 09:38:21,2026-05-22 09:38:21
4053,93,113,11,1,2026-05-22 09:38:21,2026-05-22 09:38:21
4054,93,101,12,1,2026-05-22 09:38:21,2026-05-22 09:38:21
4055,93,78,13,1,2026-05-22 09:38:21,2026-05-22 09:38:21
4056,93,118,14,1,2026-05-22 09:38:21,2026-05-22 09:38:21
4057,93,82,16,1,2026-05-22 09:38:21,2026-05-22 09:38:21
4058,95,2,2,1,2026-05-22 11:32:36,2026-05-22 11:32:36
4059,95,6,5,1,2026-05-22 11:32:36,2026-05-22 11:32:36
4060,95,8,6,1,2026-05-22 11:32:36,2026-05-22 11:32:36
4061,95,21,7,1,2026-05-22 11:32:36,2026-05-22 11:32:36
4062,95,24,9,1,2026-05-22 11:32:36,2026-05-22 11:32:36
4063,95,25,10,1,2026-05-22 11:32:36,2026-05-22 11:32:36
4064,95,100,11,1,2026-05-22 11:32:36,2026-05-22 11:32:36
4065,95,88,12,1,2026-05-22 11:32:36,2026-05-22 11:32:36
4066,95,89,13,1,2026-05-22 11:32:36,2026-05-22 11:32:36
4067,95,119,15,1,2026-05-22 11:32:36,2026-05-22 11:32:36
4068,95,127,16,1,2026-05-22 11:32:36,2026-05-22 11:32:36
4069,97,1,1,1,2026-05-22 08:43:58,2026-05-22 08:43:58
4070,97,4,3,1,2026-05-22 08:43:58,2026-05-22 08:43:58
4071,97,6,5,1,2026-05-22 08:43:58,2026-05-22 08:43:58
4072,97,9,6,1,2026-05-22 08:43:58,2026-05-22 08:43:58
4073,97,24,9,1,2026-05-22 08:43:58,2026-05-22 08:43:58
4074,97,25,10,1,2026-05-22 08:43:58,2026-05-22 08:43:58
4075,97,101,12,1,2026-05-22 08:43:58,2026-05-22 08:43:58
4076,97,116,13,1,2026-05-22 08:43:58,2026-05-22 08:43:58
4077,97,104,15,1,2026-05-22 08:43:58,2026-05-22 08:43:58
4078,98,1,1,1,2026-05-22 16:38:42,2026-05-22 16:38:42
4079,98,3,2,1,2026-05-22 16:38:42,2026-05-22 16:38:42
4080,98,4,3,1,2026-05-22 16:38:42,2026-05-22 16:38:42
4081,98,5,4,1,2026-05-22 16:38:42,2026-05-22 16:38:42
4082,98,6,5,1,2026-05-22 16:38:42,2026-05-22 16:38:42
4083,98,19,6,1,2026-05-22 16:38:42,2026-05-22 16:38:42
4084,98,20,7,1,2026-05-22 16:38:42,2026-05-22 16:38:42
4085,98,24,9,1,2026-05-22 16:38:42,2026-05-22 16:38:42
4086,98,25,10,1,2026-05-22 16:38:42,2026-05-22 16:38:42
4087,98,113,11,1,2026-05-22 16:38:42,2026-05-22 16:38:42
4088,98,101,12,1,2026-05-22 16:38:42,2026-05-22 16:38:42
4089,98,116,13,1,2026-05-22 16:38:42,2026-05-22 16:38:42
4090,98,90,14,1,2026-05-22 16:38:42,2026-05-22 16:38:42
4091,98,119,15,1,2026-05-22 16:38:42,2026-05-22 16:38:42
4092,98,97,16,1,2026-05-22 16:38:42,2026-05-22 16:38:42
4093,99,1,1,1,2026-05-22 15:28:14,2026-05-22 15:28:14
4094,99,3,2,1,2026-05-22 15:28:14,2026-05-22 15:28:14
4095,99,4,3,1,2026-05-22 15:28:14,2026-05-22 15:28:14
4096,99,5,4,1,2026-05-22 15:28:14,2026-05-22 15:28:14
4097,99,6,5,1,2026-05-22 15:28:14,2026-05-22 15:28:14
4098,99,21,7,1,2026-05-22 15:28:14,2026-05-22 15:28:14
4099,99,24,9,1,2026-05-22 15:28:14,2026-05-22 15:28:14
4100,99,25,10,1,2026-05-22 15:28:14,2026-05-22 15:28:14
4101,99,100,11,1,2026-05-22 15:28:14,2026-05-22 15:28:14
4102,99,102,13,1,2026-05-22 15:28:14,2026-05-22 15:28:14
4103,99,90,14,1,2026-05-22 15:28:14,2026-05-22 15:28:14
4104,99,104,15,1,2026-05-22 15:28:14,2026-05-22 15:28:14
4105,99,107,16,1,2026-05-22 15:28:14,2026-05-22 15:28:14
4106,101,1,1,1,2026-05-22 11:46:24,2026-05-22 11:46:24
4107,101,3,2,1,2026-05-22 11:46:24,2026-05-22 11:46:24
4108,101,4,3,1,2026-05-22 11:46:24,2026-05-22 11:46:24
4109,101,5,4,1,2026-05-22 11:46:24,2026-05-22 11:46:24
4110,101,6,5,1,2026-05-22 11:46:24,2026-05-22 11:46:24
4111,101,14,6,1,2026-05-22 11:46:24,2026-05-22 11:46:24
4112,101,24,9,1,2026-05-22 11:46:24,2026-05-22 11:46:24
4113,101,25,10,1,2026-05-22 11:46:24,2026-05-22 11:46:24
4114,101,113,11,1,2026-05-22 11:46:24,2026-05-22 11:46:24
4115,101,88,12,1,2026-05-22 11:46:24,2026-05-22 11:46:24
4116,101,89,13,1,2026-05-22 11:46:24,2026-05-22 11:46:24
4117,101,103,14,1,2026-05-22 11:46:24,2026-05-22 11:46:24
4118,101,104,15,1,2026-05-22 11:46:24,2026-05-22 11:46:24
4119,101,93,16,1,2026-05-22 11:46:24,2026-05-22 11:46:24
4120,102,1,1,1,2026-05-22 09:59:18,2026-05-22 09:59:18
4121,102,4,3,1,2026-05-22 09:59:18,2026-05-22 09:59:18
4122,102,5,4,1,2026-05-22 09:59:18,2026-05-22 09:59:18
4123,102,6,5,1,2026-05-22 09:59:18,2026-05-22 09:59:18
4124,102,20,7,1,2026-05-22 09:59:18,2026-05-22 09:59:18
4125,102,24,9,1,2026-05-22 09:59:18,2026-05-22 09:59:18
4126,102,25,10,1,2026-05-22 09:59:18,2026-05-22 09:59:18
4127,102,113,11,1,2026-05-22 09:59:18,2026-05-22 09:59:18
4128,102,88,12,1,2026-05-22 09:59:18,2026-05-22 09:59:18
4129,102,102,13,1,2026-05-22 09:59:18,2026-05-22 09:59:18
4130,102,103,14,1,2026-05-22 09:59:18,2026-05-22 09:59:18
4131,102,104,15,1,2026-05-22 09:59:18,2026-05-22 09:59:18
4132,102,82,16,1,2026-05-22 09:59:18,2026-05-22 09:59:18
4133,103,1,1,1,2026-05-22 09:37:42,2026-05-22 09:37:42
4134,103,2,2,1,2026-05-22 09:37:42,2026-05-22 09:37:42
4135,103,4,3,1,2026-05-22 09:37:42,2026-05-22 09:37:42
4136,103,5,4,1,2026-05-22 09:37:42,2026-05-22 09:37:42
4137,103,6,5,1,2026-05-22 09:37:42,2026-05-22 09:37:42
4138,103,12,6,1,2026-05-22 09:37:42,2026-05-22 09:37:42
4139,103,21,7,1,2026-05-22 09:37:42,2026-05-22 09:37:42
4140,103,24,9,1,2026-05-22 09:37:42,2026-05-22 09:37:42
4141,103,25,10,1,2026-05-22 09:37:42,2026-05-22 09:37:42
4142,103,113,11,1,2026-05-22 09:37:42,2026-05-22 09:37:42
4143,103,101,12,1,2026-05-22 09:37:42,2026-05-22 09:37:42
4144,103,89,13,1,2026-05-22 09:37:42,2026-05-22 09:37:42
4145,103,80,15,1,2026-05-22 09:37:42,2026-05-22 09:37:42
4146,103,108,16,1,2026-05-22 09:37:42,2026-05-22 09:37:42
4147,105,1,1,1,2026-05-22 10:57:29,2026-05-22 10:57:29
4148,105,3,2,1,2026-05-22 10:57:29,2026-05-22 10:57:29
4149,105,4,3,1,2026-05-22 10:57:29,2026-05-22 10:57:29
4150,105,5,4,1,2026-05-22 10:57:29,2026-05-22 10:57:29
4151,105,6,5,1,2026-05-22 10:57:29,2026-05-22 10:57:29
4152,105,9,6,1,2026-05-22 10:57:29,2026-05-22 10:57:29
4153,105,20,7,1,2026-05-22 10:57:29,2026-05-22 10:57:29
4154,105,24,9,1,2026-05-22 10:57:29,2026-05-22 10:57:29
4155,105,25,10,1,2026-05-22 10:57:29,2026-05-22 10:57:29
4156,105,88,12,1,2026-05-22 10:57:29,2026-05-22 10:57:29
4157,105,78,13,1,2026-05-22 10:57:29,2026-05-22 10:57:29
4158,105,103,14,1,2026-05-22 10:57:29,2026-05-22 10:57:29
4159,105,119,15,1,2026-05-22 10:57:29,2026-05-22 10:57:29
4160,105,105,16,1,2026-05-22 10:57:29,2026-05-22 10:57:29
4161,106,1,1,1,2026-05-22 16:07:57,2026-05-22 16:07:57
4162,106,3,2,1,2026-05-22 16:07:57,2026-05-22 16:07:57
4163,106,4,3,1,2026-05-22 16:07:57,2026-05-22 16:07:57
4164,106,5,4,1,2026-05-22 16:07:57,2026-05-22 16:07:57
4165,106,6,5,1,2026-05-22 16:07:57,2026-05-22 16:07:57
4166,106,19,6,1,2026-05-22 16:07:57,2026-05-22 16:07:57
4167,106,20,7,1,2026-05-22 16:07:57,2026-05-22 16:07:57
4168,106,24,9,1,2026-05-22 16:07:57,2026-05-22 16:07:57
4169,106,25,10,1,2026-05-22 16:07:57,2026-05-22 16:07:57
4170,106,113,11,1,2026-05-22 16:07:57,2026-05-22 16:07:57
4171,106,88,12,1,2026-05-22 16:07:57,2026-05-22 16:07:57
4172,106,116,13,1,2026-05-22 16:07:57,2026-05-22 16:07:57
4173,106,103,14,1,2026-05-22 16:07:57,2026-05-22 16:07:57
4174,106,119,15,1,2026-05-22 16:07:57,2026-05-22 16:07:57
4175,106,128,16,1,2026-05-22 16:07:57,2026-05-22 16:07:57
4176,107,1,1,1,2026-05-22 16:34:16,2026-05-22 16:34:16
4177,107,2,2,1,2026-05-22 16:34:16,2026-05-22 16:34:16
4178,107,4,3,1,2026-05-22 16:34:16,2026-05-22 16:34:16
4179,107,5,4,1,2026-05-22 16:34:16,2026-05-22 16:34:16
4180,107,6,5,1,2026-05-22 16:34:16,2026-05-22 16:34:16
4181,107,8,6,1,2026-05-22 16:34:16,2026-05-22 16:34:16
4182,107,20,7,1,2026-05-22 16:34:16,2026-05-22 16:34:16
4183,107,24,9,1,2026-05-22 16:34:16,2026-05-22 16:34:16
4184,107,25,10,1,2026-05-22 16:34:16,2026-05-22 16:34:16
4185,107,113,11,1,2026-05-22 16:34:16,2026-05-22 16:34:16
4186,107,77,12,1,2026-05-22 16:34:16,2026-05-22 16:34:16
4187,107,116,13,1,2026-05-22 16:34:16,2026-05-22 16:34:16
4188,107,90,14,1,2026-05-22 16:34:16,2026-05-22 16:34:16
4189,107,119,15,1,2026-05-22 16:34:16,2026-05-22 16:34:16
4190,107,121,16,1,2026-05-22 16:34:16,2026-05-22 16:34:16
4191,108,1,1,1,2026-05-22 09:03:03,2026-05-22 09:03:03
4192,108,3,2,1,2026-05-22 09:03:03,2026-05-22 09:03:03
4193,108,5,4,1,2026-05-22 09:03:03,2026-05-22 09:03:03
4194,108,6,5,1,2026-05-22 09:03:03,2026-05-22 09:03:03
4195,108,8,6,1,2026-05-22 09:03:03,2026-05-22 09:03:03
4196,108,21,7,1,2026-05-22 09:03:03,2026-05-22 09:03:03
4197,108,24,9,1,2026-05-22 09:03:03,2026-05-22 09:03:03
4198,108,25,10,1,2026-05-22 09:03:03,2026-05-22 09:03:03
4199,108,114,12,1,2026-05-22 09:03:03,2026-05-22 09:03:03
4200,108,89,13,1,2026-05-22 09:03:03,2026-05-22 09:03:03
4201,108,90,14,1,2026-05-22 09:03:03,2026-05-22 09:03:03
4202,108,119,15,1,2026-05-22 09:03:03,2026-05-22 09:03:03
4203,108,109,16,1,2026-05-22 09:03:03,2026-05-22 09:03:03
4204,111,1,1,1,2026-05-22 14:57:46,2026-05-22 14:57:46
4205,111,2,2,1,2026-05-22 14:57:46,2026-05-22 14:57:46
4206,111,4,3,1,2026-05-22 14:57:46,2026-05-22 14:57:46
4207,111,5,4,1,2026-05-22 14:57:46,2026-05-22 14:57:46
4208,111,6,5,1,2026-05-22 14:57:46,2026-05-22 14:57:46
4209,111,16,6,1,2026-05-22 14:57:46,2026-05-22 14:57:46
4210,111,21,7,1,2026-05-22 14:57:46,2026-05-22 14:57:46
4211,111,25,10,1,2026-05-22 14:57:46,2026-05-22 14:57:46
4212,111,88,12,1,2026-05-22 14:57:46,2026-05-22 14:57:46
4213,111,89,13,1,2026-05-22 14:57:46,2026-05-22 14:57:46
4214,111,119,15,1,2026-05-22 14:57:46,2026-05-22 14:57:46
4215,111,109,16,1,2026-05-22 14:57:46,2026-05-22 14:57:46
4216,112,1,1,1,2026-05-22 10:49:26,2026-05-22 10:49:26
4217,112,3,2,1,2026-05-22 10:49:26,2026-05-22 10:49:26
4218,112,5,4,1,2026-05-22 10:49:26,2026-05-22 10:49:26
4219,112,11,6,1,2026-05-22 10:49:26,2026-05-22 10:49:26
4220,112,20,7,1,2026-05-22 10:49:26,2026-05-22 10:49:26
4221,112,25,10,1,2026-05-22 10:49:26,2026-05-22 10:49:26
4222,112,114,12,1,2026-05-22 10:49:26,2026-05-22 10:49:26
4223,112,89,13,1,2026-05-22 10:49:26,2026-05-22 10:49:26
4224,112,90,14,1,2026-05-22 10:49:26,2026-05-22 10:49:26
4225,112,80,15,1,2026-05-22 10:49:26,2026-05-22 10:49:26
4226,112,93,16,1,2026-05-22 10:49:26,2026-05-22 10:49:26
4227,113,2,2,1,2026-05-22 17:10:23,2026-05-22 17:10:23
4228,113,4,3,1,2026-05-22 17:10:23,2026-05-22 17:10:23
4229,113,5,4,1,2026-05-22 17:10:23,2026-05-22 17:10:23
4230,113,6,5,1,2026-05-22 17:10:23,2026-05-22 17:10:23
4231,113,7,6,1,2026-05-22 17:10:23,2026-05-22 17:10:23
4232,113,87,11,1,2026-05-22 17:10:23,2026-05-22 17:10:23
4233,113,114,12,1,2026-05-22 17:10:23,2026-05-22 17:10:23
4234,113,116,13,1,2026-05-22 17:10:23,2026-05-22 17:10:23
4235,113,79,14,1,2026-05-22 17:10:23,2026-05-22 17:10:23
4236,113,104,15,1,2026-05-22 17:10:23,2026-05-22 17:10:23
4237,113,110,16,1,2026-05-22 17:10:23,2026-05-22 17:10:23
4238,116,2,2,1,2026-05-22 17:32:51,2026-05-22 17:32:51
4239,116,4,3,1,2026-05-22 17:32:51,2026-05-22 17:32:51
4240,116,6,5,1,2026-05-22 17:32:51,2026-05-22 17:32:51
4241,116,21,7,1,2026-05-22 17:32:51,2026-05-22 17:32:51
4242,116,24,9,1,2026-05-22 17:32:51,2026-05-22 17:32:51
4243,116,25,10,1,2026-05-22 17:32:51,2026-05-22 17:32:51
4244,116,113,11,1,2026-05-22 17:32:51,2026-05-22 17:32:51
4245,116,89,13,1,2026-05-22 17:32:51,2026-05-22 17:32:51
4246,116,103,14,1,2026-05-22 17:32:51,2026-05-22 17:32:51
4247,116,91,15,1,2026-05-22 17:32:51,2026-05-22 17:32:51
4248,116,108,16,1,2026-05-22 17:32:51,2026-05-22 17:32:51
4249,118,1,1,1,2026-05-22 09:26:21,2026-05-22 09:26:21
4250,118,2,2,1,2026-05-22 09:26:21,2026-05-22 09:26:21
4251,118,5,4,1,2026-05-22 09:26:21,2026-05-22 09:26:21
4252,118,6,5,1,2026-05-22 09:26:21,2026-05-22 09:26:21
4253,118,11,6,1,2026-05-22 09:26:21,2026-05-22 09:26:21
4254,118,21,7,1,2026-05-22 09:26:21,2026-05-22 09:26:21
4255,118,24,9,1,2026-05-22 09:26:21,2026-05-22 09:26:21
4256,118,25,10,1,2026-05-22 09:26:21,2026-05-22 09:26:21
4257,118,87,11,1,2026-05-22 09:26:21,2026-05-22 09:26:21
4258,118,89,13,1,2026-05-22 09:26:21,2026-05-22 09:26:21
4259,118,80,15,1,2026-05-22 09:26:21,2026-05-22 09:26:21
4260,118,123,16,1,2026-05-22 09:26:21,2026-05-22 09:26:21
4261,119,3,2,1,2026-05-22 12:24:58,2026-05-22 12:24:58
4262,119,4,3,1,2026-05-22 12:24:58,2026-05-22 12:24:58
4263,119,5,4,1,2026-05-22 12:24:58,2026-05-22 12:24:58
4264,119,6,5,1,2026-05-22 12:24:58,2026-05-22 12:24:58
4265,119,16,6,1,2026-05-22 12:24:58,2026-05-22 12:24:58
4266,119,21,7,1,2026-05-22 12:24:58,2026-05-22 12:24:58
4267,119,24,9,1,2026-05-22 12:24:58,2026-05-22 12:24:58
4268,119,25,10,1,2026-05-22 12:24:58,2026-05-22 12:24:58
4269,119,100,11,1,2026-05-22 12:24:58,2026-05-22 12:24:58
4270,119,114,12,1,2026-05-22 12:24:58,2026-05-22 12:24:58
4271,119,78,13,1,2026-05-22 12:24:58,2026-05-22 12:24:58
4272,119,90,14,1,2026-05-22 12:24:58,2026-05-22 12:24:58
4273,119,91,15,1,2026-05-22 12:24:58,2026-05-22 12:24:58
4274,119,81,16,1,2026-05-22 12:24:58,2026-05-22 12:24:58
4275,120,3,2,1,2026-05-22 12:44:50,2026-05-22 12:44:50
4276,120,4,3,1,2026-05-22 12:44:50,2026-05-22 12:44:50
4277,120,5,4,1,2026-05-22 12:44:50,2026-05-22 12:44:50
4278,120,6,5,1,2026-05-22 12:44:50,2026-05-22 12:44:50
4279,120,16,6,1,2026-05-22 12:44:50,2026-05-22 12:44:50
4280,120,20,7,1,2026-05-22 12:44:50,2026-05-22 12:44:50
4281,120,24,9,1,2026-05-22 12:44:50,2026-05-22 12:44:50
4282,120,25,10,1,2026-05-22 12:44:50,2026-05-22 12:44:50
4283,120,87,11,1,2026-05-22 12:44:50,2026-05-22 12:44:50
4284,120,116,13,1,2026-05-22 12:44:50,2026-05-22 12:44:50
4285,120,90,14,1,2026-05-22 12:44:50,2026-05-22 12:44:50
4286,120,80,15,1,2026-05-22 12:44:50,2026-05-22 12:44:50
4287,120,127,16,1,2026-05-22 12:44:50,2026-05-22 12:44:50
4288,121,1,1,1,2026-05-22 08:36:56,2026-05-22 08:36:56
4289,121,3,2,1,2026-05-22 08:36:56,2026-05-22 08:36:56
4290,121,4,3,1,2026-05-22 08:36:56,2026-05-22 08:36:56
4291,121,5,4,1,2026-05-22 08:36:56,2026-05-22 08:36:56
4292,121,6,5,1,2026-05-22 08:36:56,2026-05-22 08:36:56
4293,121,18,6,1,2026-05-22 08:36:56,2026-05-22 08:36:56
4294,121,21,7,1,2026-05-22 08:36:56,2026-05-22 08:36:56
4295,121,24,9,1,2026-05-22 08:36:56,2026-05-22 08:36:56
4296,121,25,10,1,2026-05-22 08:36:56,2026-05-22 08:36:56
4297,121,100,11,1,2026-05-22 08:36:56,2026-05-22 08:36:56
4298,121,101,12,1,2026-05-22 08:36:56,2026-05-22 08:36:56
4299,121,78,13,1,2026-05-22 08:36:56,2026-05-22 08:36:56
4300,121,118,14,1,2026-05-22 08:36:56,2026-05-22 08:36:56
4301,121,91,15,1,2026-05-22 08:36:56,2026-05-22 08:36:56
4302,121,84,16,1,2026-05-22 08:36:56,2026-05-22 08:36:56
4303,123,1,1,1,2026-05-22 09:45:12,2026-05-22 09:45:12
4304,123,2,2,1,2026-05-22 09:45:12,2026-05-22 09:45:12
4305,123,4,3,1,2026-05-22 09:45:12,2026-05-22 09:45:12
4306,123,5,4,1,2026-05-22 09:45:12,2026-05-22 09:45:12
4307,123,6,5,1,2026-05-22 09:45:12,2026-05-22 09:45:12
4308,123,7,6,1,2026-05-22 09:45:12,2026-05-22 09:45:12
4309,123,20,7,1,2026-05-22 09:45:12,2026-05-22 09:45:12
4310,123,25,10,1,2026-05-22 09:45:12,2026-05-22 09:45:12
4311,123,113,11,1,2026-05-22 09:45:12,2026-05-22 09:45:12
4312,123,116,13,1,2026-05-22 09:45:12,2026-05-22 09:45:12
4313,123,118,14,1,2026-05-22 09:45:12,2026-05-22 09:45:12
4314,123,80,15,1,2026-05-22 09:45:12,2026-05-22 09:45:12
4315,123,81,16,1,2026-05-22 09:45:12,2026-05-22 09:45:12
4316,125,1,1,1,2026-05-22 11:07:11,2026-05-22 11:07:11
4317,125,3,2,1,2026-05-22 11:07:11,2026-05-22 11:07:11
4318,125,12,6,1,2026-05-22 11:07:11,2026-05-22 11:07:11
4319,125,20,7,1,2026-05-22 11:07:11,2026-05-22 11:07:11
4320,125,24,9,1,2026-05-22 11:07:11,2026-05-22 11:07:11
4321,125,25,10,1,2026-05-22 11:07:11,2026-05-22 11:07:11
4322,125,76,11,1,2026-05-22 11:07:11,2026-05-22 11:07:11
4323,125,88,12,1,2026-05-22 11:07:11,2026-05-22 11:07:11
4324,125,104,15,1,2026-05-22 11:07:11,2026-05-22 11:07:11
4325,126,3,2,1,2026-05-22 08:17:06,2026-05-22 08:17:06
4326,126,4,3,1,2026-05-22 08:17:06,2026-05-22 08:17:06
4327,126,6,5,1,2026-05-22 08:17:06,2026-05-22 08:17:06
4328,126,20,7,1,2026-05-22 08:17:06,2026-05-22 08:17:06
4329,126,25,10,1,2026-05-22 08:17:06,2026-05-22 08:17:06
4330,126,100,11,1,2026-05-22 08:17:06,2026-05-22 08:17:06
4331,126,78,13,1,2026-05-22 08:17:06,2026-05-22 08:17:06
4332,126,79,14,1,2026-05-22 08:17:06,2026-05-22 08:17:06
4333,126,119,15,1,2026-05-22 08:17:06,2026-05-22 08:17:06
4334,126,105,16,1,2026-05-22 08:17:06,2026-05-22 08:17:06
4335,127,1,1,1,2026-05-22 09:23:01,2026-05-22 09:23:01
4336,127,5,4,1,2026-05-22 09:23:01,2026-05-22 09:23:01
4337,127,6,5,1,2026-05-22 09:23:01,2026-05-22 09:23:01
4338,127,15,6,1,2026-05-22 09:23:01,2026-05-22 09:23:01
4339,127,20,7,1,2026-05-22 09:23:01,2026-05-22 09:23:01
4340,127,113,11,1,2026-05-22 09:23:01,2026-05-22 09:23:01
4341,127,77,12,1,2026-05-22 09:23:01,2026-05-22 09:23:01
4342,127,102,13,1,2026-05-22 09:23:01,2026-05-22 09:23:01
4343,127,90,14,1,2026-05-22 09:23:01,2026-05-22 09:23:01
4344,127,80,15,1,2026-05-22 09:23:01,2026-05-22 09:23:01
4345,127,83,16,1,2026-05-22 09:23:01,2026-05-22 09:23:01
4346,128,1,1,1,2026-05-22 12:52:41,2026-05-22 12:52:41
4347,128,4,3,1,2026-05-22 12:52:41,2026-05-22 12:52:41
4348,128,16,6,1,2026-05-22 12:52:41,2026-05-22 12:52:41
4349,128,21,7,1,2026-05-22 12:52:41,2026-05-22 12:52:41
4350,128,25,10,1,2026-05-22 12:52:41,2026-05-22 12:52:41
4351,128,76,11,1,2026-05-22 12:52:41,2026-05-22 12:52:41
4352,128,88,12,1,2026-05-22 12:52:41,2026-05-22 12:52:41
4353,128,78,13,1,2026-05-22 12:52:41,2026-05-22 12:52:41
4354,128,90,14,1,2026-05-22 12:52:41,2026-05-22 12:52:41
4355,128,111,16,1,2026-05-22 12:52:41,2026-05-22 12:52:41
4356,129,1,1,1,2026-05-22 16:10:15,2026-05-22 16:10:15
4357,129,3,2,1,2026-05-22 16:10:15,2026-05-22 16:10:15
4358,129,4,3,1,2026-05-22 16:10:15,2026-05-22 16:10:15
4359,129,5,4,1,2026-05-22 16:10:15,2026-05-22 16:10:15
4360,129,6,5,1,2026-05-22 16:10:15,2026-05-22 16:10:15
4361,129,19,6,1,2026-05-22 16:10:15,2026-05-22 16:10:15
4362,129,20,7,1,2026-05-22 16:10:15,2026-05-22 16:10:15
4363,129,25,10,1,2026-05-22 16:10:15,2026-05-22 16:10:15
4364,129,87,11,1,2026-05-22 16:10:15,2026-05-22 16:10:15
4365,129,88,12,1,2026-05-22 16:10:15,2026-05-22 16:10:15
4366,129,102,13,1,2026-05-22 16:10:15,2026-05-22 16:10:15
4367,129,103,14,1,2026-05-22 16:10:15,2026-05-22 16:10:15
4368,129,106,16,1,2026-05-22 16:10:15,2026-05-22 16:10:15
4369,130,2,2,1,2026-05-22 16:58:37,2026-05-22 16:58:37
4370,130,4,3,1,2026-05-22 16:58:37,2026-05-22 16:58:37
4371,130,6,5,1,2026-05-22 16:58:37,2026-05-22 16:58:37
4372,130,21,7,1,2026-05-22 16:58:37,2026-05-22 16:58:37
4373,130,24,9,1,2026-05-22 16:58:37,2026-05-22 16:58:37
4374,130,88,12,1,2026-05-22 16:58:37,2026-05-22 16:58:37
4375,130,102,13,1,2026-05-22 16:58:37,2026-05-22 16:58:37
4376,130,79,14,1,2026-05-22 16:58:37,2026-05-22 16:58:37
4377,130,119,15,1,2026-05-22 16:58:37,2026-05-22 16:58:37
4378,130,108,16,1,2026-05-22 16:58:37,2026-05-22 16:58:37
4379,131,1,1,1,2026-05-22 14:54:56,2026-05-22 14:54:56
4380,131,3,2,1,2026-05-22 14:54:56,2026-05-22 14:54:56
4381,131,4,3,1,2026-05-22 14:54:56,2026-05-22 14:54:56
4382,131,5,4,1,2026-05-22 14:54:56,2026-05-22 14:54:56
4383,131,6,5,1,2026-05-22 14:54:56,2026-05-22 14:54:56
4384,131,15,6,1,2026-05-22 14:54:56,2026-05-22 14:54:56
4385,131,21,7,1,2026-05-22 14:54:56,2026-05-22 14:54:56
4386,131,24,9,1,2026-05-22 14:54:56,2026-05-22 14:54:56
4387,131,25,10,1,2026-05-22 14:54:56,2026-05-22 14:54:56
4388,131,76,11,1,2026-05-22 14:54:56,2026-05-22 14:54:56
4389,131,88,12,1,2026-05-22 14:54:56,2026-05-22 14:54:56
4390,131,89,13,1,2026-05-22 14:54:56,2026-05-22 14:54:56
4391,131,79,14,1,2026-05-22 14:54:56,2026-05-22 14:54:56
4392,131,119,15,1,2026-05-22 14:54:56,2026-05-22 14:54:56
4393,131,97,16,1,2026-05-22 14:54:56,2026-05-22 14:54:56
4394,132,1,1,1,2026-05-22 15:58:54,2026-05-22 15:58:54
4395,132,3,2,1,2026-05-22 15:58:54,2026-05-22 15:58:54
4396,132,4,3,1,2026-05-22 15:58:54,2026-05-22 15:58:54
4397,132,5,4,1,2026-05-22 15:58:54,2026-05-22 15:58:54
4398,132,6,5,1,2026-05-22 15:58:54,2026-05-22 15:58:54
4399,132,18,6,1,2026-05-22 15:58:54,2026-05-22 15:58:54
4400,132,20,7,1,2026-05-22 15:58:54,2026-05-22 15:58:54
4401,132,24,9,1,2026-05-22 15:58:54,2026-05-22 15:58:54
4402,132,25,10,1,2026-05-22 15:58:54,2026-05-22 15:58:54
4403,132,100,11,1,2026-05-22 15:58:54,2026-05-22 15:58:54
4404,132,88,12,1,2026-05-22 15:58:54,2026-05-22 15:58:54
4405,132,78,13,1,2026-05-22 15:58:54,2026-05-22 15:58:54
4406,132,118,14,1,2026-05-22 15:58:54,2026-05-22 15:58:54
4407,132,104,15,1,2026-05-22 15:58:54,2026-05-22 15:58:54
4408,132,111,16,1,2026-05-22 15:58:54,2026-05-22 15:58:54
4409,134,3,2,1,2026-05-22 09:55:43,2026-05-22 09:55:43
4410,134,4,3,1,2026-05-22 09:55:43,2026-05-22 09:55:43
4411,134,5,4,1,2026-05-22 09:55:43,2026-05-22 09:55:43
4412,134,6,5,1,2026-05-22 09:55:43,2026-05-22 09:55:43
4413,134,24,9,1,2026-05-22 09:55:43,2026-05-22 09:55:43
4414,134,25,10,1,2026-05-22 09:55:43,2026-05-22 09:55:43
4415,134,77,12,1,2026-05-22 09:55:43,2026-05-22 09:55:43
4416,134,102,13,1,2026-05-22 09:55:43,2026-05-22 09:55:43
4417,134,118,14,1,2026-05-22 09:55:43,2026-05-22 09:55:43
4418,137,4,3,1,2026-05-22 09:33:46,2026-05-22 09:33:46
4419,137,5,4,1,2026-05-22 09:33:46,2026-05-22 09:33:46
4420,137,6,5,1,2026-05-22 09:33:46,2026-05-22 09:33:46
4421,137,8,6,1,2026-05-22 09:33:46,2026-05-22 09:33:46
4422,137,24,9,1,2026-05-22 09:33:46,2026-05-22 09:33:46
4423,137,114,12,1,2026-05-22 09:33:46,2026-05-22 09:33:46
4424,137,102,13,1,2026-05-22 09:33:46,2026-05-22 09:33:46
4425,137,80,15,1,2026-05-22 09:33:46,2026-05-22 09:33:46
4426,137,107,16,1,2026-05-22 09:33:46,2026-05-22 09:33:46
4427,138,1,1,1,2026-05-22 08:48:48,2026-05-22 08:48:48
4428,138,3,2,1,2026-05-22 08:48:48,2026-05-22 08:48:48
4429,138,4,3,1,2026-05-22 08:48:48,2026-05-22 08:48:48
4430,138,5,4,1,2026-05-22 08:48:48,2026-05-22 08:48:48
4431,138,6,5,1,2026-05-22 08:48:48,2026-05-22 08:48:48
4432,138,15,6,1,2026-05-22 08:48:48,2026-05-22 08:48:48
4433,138,20,7,1,2026-05-22 08:48:48,2026-05-22 08:48:48
4434,138,24,9,1,2026-05-22 08:48:48,2026-05-22 08:48:48
4435,138,25,10,1,2026-05-22 08:48:48,2026-05-22 08:48:48
4436,138,113,11,1,2026-05-22 08:48:48,2026-05-22 08:48:48
4437,138,114,12,1,2026-05-22 08:48:48,2026-05-22 08:48:48
4438,138,78,13,1,2026-05-22 08:48:48,2026-05-22 08:48:48
4439,138,90,14,1,2026-05-22 08:48:48,2026-05-22 08:48:48
4440,138,91,15,1,2026-05-22 08:48:48,2026-05-22 08:48:48
4441,138,106,16,1,2026-05-22 08:48:48,2026-05-22 08:48:48
4442,139,1,1,1,2026-05-22 09:08:20,2026-05-22 09:08:20
4443,139,3,2,1,2026-05-22 09:08:20,2026-05-22 09:08:20
4444,139,4,3,1,2026-05-22 09:08:20,2026-05-22 09:08:20
4445,139,5,4,1,2026-05-22 09:08:20,2026-05-22 09:08:20
4446,139,6,5,1,2026-05-22 09:08:20,2026-05-22 09:08:20
4447,139,16,6,1,2026-05-22 09:08:20,2026-05-22 09:08:20
4448,139,24,9,1,2026-05-22 09:08:20,2026-05-22 09:08:20
4449,139,25,10,1,2026-05-22 09:08:20,2026-05-22 09:08:20
4450,139,76,11,1,2026-05-22 09:08:20,2026-05-22 09:08:20
4451,139,88,12,1,2026-05-22 09:08:20,2026-05-22 09:08:20
4452,139,102,13,1,2026-05-22 09:08:20,2026-05-22 09:08:20
4453,139,79,14,1,2026-05-22 09:08:20,2026-05-22 09:08:20
4454,139,91,15,1,2026-05-22 09:08:20,2026-05-22 09:08:20
4455,140,4,3,1,2026-05-22 13:33:33,2026-05-22 13:33:33
4456,140,6,5,1,2026-05-22 13:33:33,2026-05-22 13:33:33
4457,140,9,6,1,2026-05-22 13:33:33,2026-05-22 13:33:33
4458,140,21,7,1,2026-05-22 13:33:33,2026-05-22 13:33:33
4459,140,25,10,1,2026-05-22 13:33:33,2026-05-22 13:33:33
4460,140,87,11,1,2026-05-22 13:33:33,2026-05-22 13:33:33
4461,140,116,13,1,2026-05-22 13:33:33,2026-05-22 13:33:33
4462,140,103,14,1,2026-05-22 13:33:33,2026-05-22 13:33:33
4463,140,93,16,1,2026-05-22 13:33:33,2026-05-22 13:33:33
4464,141,1,1,1,2026-05-22 11:24:21,2026-05-22 11:24:21
4465,141,3,2,1,2026-05-22 11:24:21,2026-05-22 11:24:21
4466,141,4,3,1,2026-05-22 11:24:21,2026-05-22 11:24:21
4467,141,5,4,1,2026-05-22 11:24:21,2026-05-22 11:24:21
4468,141,6,5,1,2026-05-22 11:24:21,2026-05-22 11:24:21
4469,141,16,6,1,2026-05-22 11:24:21,2026-05-22 11:24:21
4470,141,24,9,1,2026-05-22 11:24:21,2026-05-22 11:24:21
4471,141,76,11,1,2026-05-22 11:24:21,2026-05-22 11:24:21
4472,141,78,13,1,2026-05-22 11:24:21,2026-05-22 11:24:21
4473,141,91,15,1,2026-05-22 11:24:21,2026-05-22 11:24:21
4474,141,107,16,1,2026-05-22 11:24:21,2026-05-22 11:24:21
4475,142,1,1,1,2026-05-22 08:35:42,2026-05-22 08:35:42
4476,142,2,2,1,2026-05-22 08:35:42,2026-05-22 08:35:42
4477,142,4,3,1,2026-05-22 08:35:42,2026-05-22 08:35:42
4478,142,5,4,1,2026-05-22 08:35:42,2026-05-22 08:35:42
4479,142,6,5,1,2026-05-22 08:35:42,2026-05-22 08:35:42
4480,142,24,9,1,2026-05-22 08:35:42,2026-05-22 08:35:42
4481,142,25,10,1,2026-05-22 08:35:42,2026-05-22 08:35:42
4482,142,100,11,1,2026-05-22 08:35:42,2026-05-22 08:35:42
4483,142,77,12,1,2026-05-22 08:35:42,2026-05-22 08:35:42
4484,142,116,13,1,2026-05-22 08:35:42,2026-05-22 08:35:42
4485,142,103,14,1,2026-05-22 08:35:42,2026-05-22 08:35:42
4486,146,1,1,1,2026-05-22 14:20:44,2026-05-22 14:20:44
4487,146,2,2,1,2026-05-22 14:20:44,2026-05-22 14:20:44
4488,146,4,3,1,2026-05-22 14:20:44,2026-05-22 14:20:44
4489,146,5,4,1,2026-05-22 14:20:44,2026-05-22 14:20:44
4490,146,6,5,1,2026-05-22 14:20:44,2026-05-22 14:20:44
4491,146,19,6,1,2026-05-22 14:20:44,2026-05-22 14:20:44
4492,146,21,7,1,2026-05-22 14:20:44,2026-05-22 14:20:44
4493,146,24,9,1,2026-05-22 14:20:44,2026-05-22 14:20:44
4494,146,25,10,1,2026-05-22 14:20:44,2026-05-22 14:20:44
4495,146,113,11,1,2026-05-22 14:20:44,2026-05-22 14:20:44
4496,146,77,12,1,2026-05-22 14:20:44,2026-05-22 14:20:44
4497,146,102,13,1,2026-05-22 14:20:44,2026-05-22 14:20:44
4498,146,90,14,1,2026-05-22 14:20:44,2026-05-22 14:20:44
4499,146,91,15,1,2026-05-22 14:20:44,2026-05-22 14:20:44
4500,146,105,16,1,2026-05-22 14:20:44,2026-05-22 14:20:44
4501,148,1,1,1,2026-05-22 10:39:44,2026-05-22 10:39:44
4502,148,4,3,1,2026-05-22 10:39:44,2026-05-22 10:39:44
4503,148,5,4,1,2026-05-22 10:39:44,2026-05-22 10:39:44
4504,148,6,5,1,2026-05-22 10:39:44,2026-05-22 10:39:44
4505,148,16,6,1,2026-05-22 10:39:44,2026-05-22 10:39:44
4506,148,21,7,1,2026-05-22 10:39:44,2026-05-22 10:39:44
4507,148,24,9,1,2026-05-22 10:39:44,2026-05-22 10:39:44
4508,148,25,10,1,2026-05-22 10:39:44,2026-05-22 10:39:44
4509,148,113,11,1,2026-05-22 10:39:44,2026-05-22 10:39:44
4510,148,101,12,1,2026-05-22 10:39:44,2026-05-22 10:39:44
4511,148,78,13,1,2026-05-22 10:39:44,2026-05-22 10:39:44
4512,148,118,14,1,2026-05-22 10:39:44,2026-05-22 10:39:44
4513,148,91,15,1,2026-05-22 10:39:44,2026-05-22 10:39:44
4514,148,111,16,1,2026-05-22 10:39:44,2026-05-22 10:39:44
4515,149,1,1,1,2026-05-22 11:51:23,2026-05-22 11:51:23
4516,149,4,3,1,2026-05-22 11:51:23,2026-05-22 11:51:23
4517,149,6,5,1,2026-05-22 11:51:23,2026-05-22 11:51:23
4518,149,8,6,1,2026-05-22 11:51:23,2026-05-22 11:51:23
4519,149,20,7,1,2026-05-22 11:51:23,2026-05-22 11:51:23
4520,149,24,9,1,2026-05-22 11:51:23,2026-05-22 11:51:23
4521,149,25,10,1,2026-05-22 11:51:23,2026-05-22 11:51:23
4522,149,76,11,1,2026-05-22 11:51:23,2026-05-22 11:51:23
4523,149,114,12,1,2026-05-22 11:51:23,2026-05-22 11:51:23
4524,149,90,14,1,2026-05-22 11:51:23,2026-05-22 11:51:23
4525,149,91,15,1,2026-05-22 11:51:23,2026-05-22 11:51:23
4526,149,107,16,1,2026-05-22 11:51:23,2026-05-22 11:51:23
4527,152,1,1,1,2026-05-22 10:53:38,2026-05-22 10:53:38
4528,152,2,2,1,2026-05-22 10:53:38,2026-05-22 10:53:38
4529,152,4,3,1,2026-05-22 10:53:38,2026-05-22 10:53:38
4530,152,5,4,1,2026-05-22 10:53:38,2026-05-22 10:53:38
4531,152,6,5,1,2026-05-22 10:53:38,2026-05-22 10:53:38
4532,152,16,6,1,2026-05-22 10:53:38,2026-05-22 10:53:38
4533,152,20,7,1,2026-05-22 10:53:38,2026-05-22 10:53:38
4534,152,24,9,1,2026-05-22 10:53:38,2026-05-22 10:53:38
4535,152,25,10,1,2026-05-22 10:53:38,2026-05-22 10:53:38
4536,152,113,11,1,2026-05-22 10:53:38,2026-05-22 10:53:38
4537,152,77,12,1,2026-05-22 10:53:38,2026-05-22 10:53:38
4538,152,78,13,1,2026-05-22 10:53:38,2026-05-22 10:53:38
4539,152,103,14,1,2026-05-22 10:53:38,2026-05-22 10:53:38
4540,152,80,15,1,2026-05-22 10:53:38,2026-05-22 10:53:38
4541,152,111,16,1,2026-05-22 10:53:38,2026-05-22 10:53:38
4542,154,2,2,1,2026-05-22 10:24:22,2026-05-22 10:24:22
4543,154,4,3,1,2026-05-22 10:24:22,2026-05-22 10:24:22
4544,154,5,4,1,2026-05-22 10:24:22,2026-05-22 10:24:22
4545,154,19,6,1,2026-05-22 10:24:22,2026-05-22 10:24:22
4546,154,20,7,1,2026-05-22 10:24:22,2026-05-22 10:24:22
4547,154,24,9,1,2026-05-22 10:24:22,2026-05-22 10:24:22
4548,154,25,10,1,2026-05-22 10:24:22,2026-05-22 10:24:22
4549,154,87,11,1,2026-05-22 10:24:22,2026-05-22 10:24:22
4550,154,88,12,1,2026-05-22 10:24:22,2026-05-22 10:24:22
4551,154,116,13,1,2026-05-22 10:24:22,2026-05-22 10:24:22
4552,154,119,15,1,2026-05-22 10:24:22,2026-05-22 10:24:22
4553,154,97,16,1,2026-05-22 10:24:22,2026-05-22 10:24:22
4554,155,2,2,1,2026-05-22 09:34:41,2026-05-22 09:34:41
4555,155,4,3,1,2026-05-22 09:34:41,2026-05-22 09:34:41
4556,155,12,6,1,2026-05-22 09:34:41,2026-05-22 09:34:41
4557,155,20,7,1,2026-05-22 09:34:41,2026-05-22 09:34:41
4558,155,25,10,1,2026-05-22 09:34:41,2026-05-22 09:34:41
4559,155,100,11,1,2026-05-22 09:34:41,2026-05-22 09:34:41
4560,155,77,12,1,2026-05-22 09:34:41,2026-05-22 09:34:41
4561,155,102,13,1,2026-05-22 09:34:41,2026-05-22 09:34:41
4562,155,90,14,1,2026-05-22 09:34:41,2026-05-22 09:34:41
4563,157,1,1,1,2026-05-22 17:25:31,2026-05-22 17:25:31
4564,157,2,2,1,2026-05-22 17:25:31,2026-05-22 17:25:31
4565,157,4,3,1,2026-05-22 17:25:31,2026-05-22 17:25:31
4566,157,5,4,1,2026-05-22 17:25:31,2026-05-22 17:25:31
4567,157,6,5,1,2026-05-22 17:25:31,2026-05-22 17:25:31
4568,157,21,7,1,2026-05-22 17:25:31,2026-05-22 17:25:31
4569,157,24,9,1,2026-05-22 17:25:31,2026-05-22 17:25:31
4570,157,25,10,1,2026-05-22 17:25:31,2026-05-22 17:25:31
4571,157,87,11,1,2026-05-22 17:25:31,2026-05-22 17:25:31
4572,157,116,13,1,2026-05-22 17:25:31,2026-05-22 17:25:31
4573,157,79,14,1,2026-05-22 17:25:31,2026-05-22 17:25:31
4574,157,80,15,1,2026-05-22 17:25:31,2026-05-22 17:25:31
4575,157,83,16,1,2026-05-22 17:25:31,2026-05-22 17:25:31
4576,164,1,1,1,2026-05-22 08:15:03,2026-05-22 08:15:03
4577,164,5,4,1,2026-05-22 08:15:03,2026-05-22 08:15:03
4578,164,6,5,1,2026-05-22 08:15:03,2026-05-22 08:15:03
4579,164,8,6,1,2026-05-22 08:15:03,2026-05-22 08:15:03
4580,164,21,7,1,2026-05-22 08:15:03,2026-05-22 08:15:03
4581,164,24,9,1,2026-05-22 08:15:03,2026-05-22 08:15:03
4582,164,25,10,1,2026-05-22 08:15:03,2026-05-22 08:15:03
4583,164,88,12,1,2026-05-22 08:15:03,2026-05-22 08:15:03
4584,164,102,13,1,2026-05-22 08:15:03,2026-05-22 08:15:03
4585,164,119,15,1,2026-05-22 08:15:03,2026-05-22 08:15:03
4586,164,83,16,1,2026-05-22 08:15:03,2026-05-22 08:15:03
4587,165,1,1,1,2026-05-22 13:38:47,2026-05-22 13:38:47
4588,165,2,2,1,2026-05-22 13:38:47,2026-05-22 13:38:47
4589,165,5,4,1,2026-05-22 13:38:47,2026-05-22 13:38:47
4590,165,6,5,1,2026-05-22 13:38:47,2026-05-22 13:38:47
4591,165,9,6,1,2026-05-22 13:38:47,2026-05-22 13:38:47
4592,165,21,7,1,2026-05-22 13:38:47,2026-05-22 13:38:47
4593,165,24,9,1,2026-05-22 13:38:47,2026-05-22 13:38:47
4594,165,25,10,1,2026-05-22 13:38:47,2026-05-22 13:38:47
4595,165,87,11,1,2026-05-22 13:38:47,2026-05-22 13:38:47
4596,165,101,12,1,2026-05-22 13:38:47,2026-05-22 13:38:47
4597,165,89,13,1,2026-05-22 13:38:47,2026-05-22 13:38:47
4598,165,103,14,1,2026-05-22 13:38:47,2026-05-22 13:38:47
4599,165,80,15,1,2026-05-22 13:38:47,2026-05-22 13:38:47
4600,165,81,16,1,2026-05-22 13:38:47,2026-05-22 13:38:47
4601,166,1,1,1,2026-05-22 14:05:55,2026-05-22 14:05:55
4602,166,3,2,1,2026-05-22 14:05:55,2026-05-22 14:05:55
4603,166,4,3,1,2026-05-22 14:05:55,2026-05-22 14:05:55
4604,166,5,4,1,2026-05-22 14:05:55,2026-05-22 14:05:55
4605,166,6,5,1,2026-05-22 14:05:55,2026-05-22 14:05:55
4606,166,18,6,1,2026-05-22 14:05:55,2026-05-22 14:05:55
4607,166,20,7,1,2026-05-22 14:05:55,2026-05-22 14:05:55
4608,166,24,9,1,2026-05-22 14:05:55,2026-05-22 14:05:55
4609,166,25,10,1,2026-05-22 14:05:55,2026-05-22 14:05:55
4610,166,87,11,1,2026-05-22 14:05:55,2026-05-22 14:05:55
4611,166,77,12,1,2026-05-22 14:05:55,2026-05-22 14:05:55
4612,166,116,13,1,2026-05-22 14:05:55,2026-05-22 14:05:55
4613,166,103,14,1,2026-05-22 14:05:55,2026-05-22 14:05:55
4614,166,119,15,1,2026-05-22 14:05:55,2026-05-22 14:05:55
4615,166,93,16,1,2026-05-22 14:05:55,2026-05-22 14:05:55
4616,168,1,1,1,2026-05-22 11:15:28,2026-05-22 11:15:28
4617,168,2,2,1,2026-05-22 11:15:28,2026-05-22 11:15:28
4618,168,4,3,1,2026-05-22 11:15:28,2026-05-22 11:15:28
4619,168,5,4,1,2026-05-22 11:15:28,2026-05-22 11:15:28
4620,168,6,5,1,2026-05-22 11:15:28,2026-05-22 11:15:28
4621,168,8,6,1,2026-05-22 11:15:28,2026-05-22 11:15:28
4622,168,21,7,1,2026-05-22 11:15:28,2026-05-22 11:15:28
4623,168,24,9,1,2026-05-22 11:15:28,2026-05-22 11:15:28
4624,168,25,10,1,2026-05-22 11:15:28,2026-05-22 11:15:28
4625,168,100,11,1,2026-05-22 11:15:28,2026-05-22 11:15:28
4626,168,77,12,1,2026-05-22 11:15:28,2026-05-22 11:15:28
4627,168,116,13,1,2026-05-22 11:15:28,2026-05-22 11:15:28
4628,168,79,14,1,2026-05-22 11:15:28,2026-05-22 11:15:28
4629,168,104,15,1,2026-05-22 11:15:28,2026-05-22 11:15:28
4630,168,97,16,1,2026-05-22 11:15:28,2026-05-22 11:15:28
4631,170,1,1,1,2026-05-22 13:18:29,2026-05-22 13:18:29
4632,170,3,2,1,2026-05-22 13:18:29,2026-05-22 13:18:29
4633,170,5,4,1,2026-05-22 13:18:29,2026-05-22 13:18:29
4634,170,6,5,1,2026-05-22 13:18:29,2026-05-22 13:18:29
4635,170,18,6,1,2026-05-22 13:18:29,2026-05-22 13:18:29
4636,170,21,7,1,2026-05-22 13:18:29,2026-05-22 13:18:29
4637,170,24,9,1,2026-05-22 13:18:29,2026-05-22 13:18:29
4638,170,25,10,1,2026-05-22 13:18:29,2026-05-22 13:18:29
4639,170,76,11,1,2026-05-22 13:18:29,2026-05-22 13:18:29
4640,170,116,13,1,2026-05-22 13:18:29,2026-05-22 13:18:29
4641,170,103,14,1,2026-05-22 13:18:29,2026-05-22 13:18:29
4642,170,80,15,1,2026-05-22 13:18:29,2026-05-22 13:18:29
4643,170,97,16,1,2026-05-22 13:18:29,2026-05-22 13:18:29
4644,173,1,1,1,2026-05-22 17:38:41,2026-05-22 17:38:41
4645,173,3,2,1,2026-05-22 17:38:41,2026-05-22 17:38:41
4646,173,4,3,1,2026-05-22 17:38:41,2026-05-22 17:38:41
4647,173,5,4,1,2026-05-22 17:38:41,2026-05-22 17:38:41
4648,173,6,5,1,2026-05-22 17:38:41,2026-05-22 17:38:41
4649,173,20,7,1,2026-05-22 17:38:41,2026-05-22 17:38:41
4650,173,24,9,1,2026-05-22 17:38:41,2026-05-22 17:38:41
4651,173,77,12,1,2026-05-22 17:38:41,2026-05-22 17:38:41
4652,173,79,14,1,2026-05-22 17:38:41,2026-05-22 17:38:41
4653,173,111,16,1,2026-05-22 17:38:41,2026-05-22 17:38:41
4654,174,1,1,1,2026-05-22 10:22:46,2026-05-22 10:22:46
4655,174,2,2,1,2026-05-22 10:22:46,2026-05-22 10:22:46
4656,174,6,5,1,2026-05-22 10:22:46,2026-05-22 10:22:46
4657,174,9,6,1,2026-05-22 10:22:46,2026-05-22 10:22:46
4658,174,20,7,1,2026-05-22 10:22:46,2026-05-22 10:22:46
4659,174,24,9,1,2026-05-22 10:22:46,2026-05-22 10:22:46
4660,174,114,12,1,2026-05-22 10:22:46,2026-05-22 10:22:46
4661,174,118,14,1,2026-05-22 10:22:46,2026-05-22 10:22:46
4662,174,104,15,1,2026-05-22 10:22:46,2026-05-22 10:22:46
4663,174,111,16,1,2026-05-22 10:22:46,2026-05-22 10:22:46
4664,177,1,1,1,2026-05-22 10:11:52,2026-05-22 10:11:52
4665,177,2,2,1,2026-05-22 10:11:52,2026-05-22 10:11:52
4666,177,4,3,1,2026-05-22 10:11:52,2026-05-22 10:11:52
4667,177,5,4,1,2026-05-22 10:11:52,2026-05-22 10:11:52
4668,177,6,5,1,2026-05-22 10:11:52,2026-05-22 10:11:52
4669,177,15,6,1,2026-05-22 10:11:52,2026-05-22 10:11:52
4670,177,20,7,1,2026-05-22 10:11:52,2026-05-22 10:11:52
4671,177,24,9,1,2026-05-22 10:11:52,2026-05-22 10:11:52
4672,177,100,11,1,2026-05-22 10:11:52,2026-05-22 10:11:52
4673,177,88,12,1,2026-05-22 10:11:52,2026-05-22 10:11:52
4674,177,78,13,1,2026-05-22 10:11:52,2026-05-22 10:11:52
4675,177,118,14,1,2026-05-22 10:11:52,2026-05-22 10:11:52
4676,177,119,15,1,2026-05-22 10:11:52,2026-05-22 10:11:52
4677,178,1,1,1,2026-05-22 12:32:54,2026-05-22 12:32:54
4678,178,3,2,1,2026-05-22 12:32:54,2026-05-22 12:32:54
4679,178,4,3,1,2026-05-22 12:32:54,2026-05-22 12:32:54
4680,178,5,4,1,2026-05-22 12:32:54,2026-05-22 12:32:54
4681,178,24,9,1,2026-05-22 12:32:54,2026-05-22 12:32:54
4682,178,76,11,1,2026-05-22 12:32:54,2026-05-22 12:32:54
4683,178,77,12,1,2026-05-22 12:32:54,2026-05-22 12:32:54
4684,178,79,14,1,2026-05-22 12:32:54,2026-05-22 12:32:54
4685,178,91,15,1,2026-05-22 12:32:54,2026-05-22 12:32:54
4686,181,1,1,1,2026-05-22 16:04:20,2026-05-22 16:04:20
4687,181,2,2,1,2026-05-22 16:04:20,2026-05-22 16:04:20
4688,181,4,3,1,2026-05-22 16:04:20,2026-05-22 16:04:20
4689,181,5,4,1,2026-05-22 16:04:20,2026-05-22 16:04:20
4690,181,6,5,1,2026-05-22 16:04:20,2026-05-22 16:04:20
4691,181,12,6,1,2026-05-22 16:04:20,2026-05-22 16:04:20
4692,181,21,7,1,2026-05-22 16:04:20,2026-05-22 16:04:20
4693,181,24,9,1,2026-05-22 16:04:20,2026-05-22 16:04:20
4694,181,25,10,1,2026-05-22 16:04:20,2026-05-22 16:04:20
4695,181,76,11,1,2026-05-22 16:04:20,2026-05-22 16:04:20
4696,181,88,12,1,2026-05-22 16:04:20,2026-05-22 16:04:20
4697,181,102,13,1,2026-05-22 16:04:20,2026-05-22 16:04:20
4698,181,118,14,1,2026-05-22 16:04:20,2026-05-22 16:04:20
4699,181,119,15,1,2026-05-22 16:04:20,2026-05-22 16:04:20
4700,181,128,16,1,2026-05-22 16:04:20,2026-05-22 16:04:20
4701,182,2,2,1,2026-05-22 16:43:13,2026-05-22 16:43:13
4702,182,4,3,1,2026-05-22 16:43:13,2026-05-22 16:43:13
4703,182,5,4,1,2026-05-22 16:43:13,2026-05-22 16:43:13
4704,182,6,5,1,2026-05-22 16:43:13,2026-05-22 16:43:13
4705,182,18,6,1,2026-05-22 16:43:13,2026-05-22 16:43:13
4706,182,21,7,1,2026-05-22 16:43:13,2026-05-22 16:43:13
4707,182,25,10,1,2026-05-22 16:43:13,2026-05-22 16:43:13
4708,182,100,11,1,2026-05-22 16:43:13,2026-05-22 16:43:13
4709,182,118,14,1,2026-05-22 16:43:13,2026-05-22 16:43:13
4710,183,1,1,1,2026-05-22 12:55:23,2026-05-22 12:55:23
4711,183,4,3,1,2026-05-22 12:55:23,2026-05-22 12:55:23
4712,183,5,4,1,2026-05-22 12:55:23,2026-05-22 12:55:23
4713,183,6,5,1,2026-05-22 12:55:23,2026-05-22 12:55:23
4714,183,11,6,1,2026-05-22 12:55:23,2026-05-22 12:55:23
4715,183,24,9,1,2026-05-22 12:55:23,2026-05-22 12:55:23
4716,183,76,11,1,2026-05-22 12:55:23,2026-05-22 12:55:23
4717,183,88,12,1,2026-05-22 12:55:23,2026-05-22 12:55:23
4718,183,118,14,1,2026-05-22 12:55:23,2026-05-22 12:55:23
4719,183,109,16,1,2026-05-22 12:55:23,2026-05-22 12:55:23
4720,185,1,1,1,2026-05-22 11:09:44,2026-05-22 11:09:44
4721,185,5,4,1,2026-05-22 11:09:44,2026-05-22 11:09:44
4722,185,6,5,1,2026-05-22 11:09:44,2026-05-22 11:09:44
4723,185,18,6,1,2026-05-22 11:09:44,2026-05-22 11:09:44
4724,185,21,7,1,2026-05-22 11:09:44,2026-05-22 11:09:44
4725,185,87,11,1,2026-05-22 11:09:44,2026-05-22 11:09:44
4726,185,114,12,1,2026-05-22 11:09:44,2026-05-22 11:09:44
4727,185,78,13,1,2026-05-22 11:09:44,2026-05-22 11:09:44
4728,185,79,14,1,2026-05-22 11:09:44,2026-05-22 11:09:44
4729,185,80,15,1,2026-05-22 11:09:44,2026-05-22 11:09:44
4730,187,1,1,1,2026-05-22 12:14:05,2026-05-22 12:14:05
4731,187,2,2,1,2026-05-22 12:14:05,2026-05-22 12:14:05
4732,187,4,3,1,2026-05-22 12:14:05,2026-05-22 12:14:05
4733,187,5,4,1,2026-05-22 12:14:05,2026-05-22 12:14:05
4734,187,18,6,1,2026-05-22 12:14:05,2026-05-22 12:14:05
4735,187,21,7,1,2026-05-22 12:14:05,2026-05-22 12:14:05
4736,187,24,9,1,2026-05-22 12:14:05,2026-05-22 12:14:05
4737,187,25,10,1,2026-05-22 12:14:05,2026-05-22 12:14:05
4738,187,113,11,1,2026-05-22 12:14:05,2026-05-22 12:14:05
4739,187,77,12,1,2026-05-22 12:14:05,2026-05-22 12:14:05
4740,187,102,13,1,2026-05-22 12:14:05,2026-05-22 12:14:05
4741,187,104,15,1,2026-05-22 12:14:05,2026-05-22 12:14:05
4742,187,108,16,1,2026-05-22 12:14:05,2026-05-22 12:14:05
4743,190,2,2,1,2026-05-22 10:29:02,2026-05-22 10:29:02
4744,190,4,3,1,2026-05-22 10:29:02,2026-05-22 10:29:02
4745,190,12,6,1,2026-05-22 10:29:02,2026-05-22 10:29:02
4746,190,21,7,1,2026-05-22 10:29:02,2026-05-22 10:29:02
4747,190,24,9,1,2026-05-22 10:29:02,2026-05-22 10:29:02
4748,190,87,11,1,2026-05-22 10:29:02,2026-05-22 10:29:02
4749,190,77,12,1,2026-05-22 10:29:02,2026-05-22 10:29:02
4750,190,116,13,1,2026-05-22 10:29:02,2026-05-22 10:29:02
4751,190,79,14,1,2026-05-22 10:29:02,2026-05-22 10:29:02
4752,190,95,16,1,2026-05-22 10:29:02,2026-05-22 10:29:02
4753,192,1,1,1,2026-05-22 13:47:34,2026-05-22 13:47:34
4754,192,3,2,1,2026-05-22 13:47:34,2026-05-22 13:47:34
4755,192,4,3,1,2026-05-22 13:47:34,2026-05-22 13:47:34
4756,192,5,4,1,2026-05-22 13:47:34,2026-05-22 13:47:34
4757,192,6,5,1,2026-05-22 13:47:34,2026-05-22 13:47:34
4758,192,11,6,1,2026-05-22 13:47:34,2026-05-22 13:47:34
4759,192,20,7,1,2026-05-22 13:47:34,2026-05-22 13:47:34
4760,192,24,9,1,2026-05-22 13:47:34,2026-05-22 13:47:34
4761,192,25,10,1,2026-05-22 13:47:34,2026-05-22 13:47:34
4762,192,76,11,1,2026-05-22 13:47:34,2026-05-22 13:47:34
4763,192,77,12,1,2026-05-22 13:47:34,2026-05-22 13:47:34
4764,192,78,13,1,2026-05-22 13:47:34,2026-05-22 13:47:34
4765,192,118,14,1,2026-05-22 13:47:34,2026-05-22 13:47:34
4766,192,119,15,1,2026-05-22 13:47:34,2026-05-22 13:47:34
4767,192,111,16,1,2026-05-22 13:47:34,2026-05-22 13:47:34
4768,194,1,1,1,2026-05-22 11:01:41,2026-05-22 11:01:41
4769,194,2,2,1,2026-05-22 11:01:41,2026-05-22 11:01:41
4770,194,5,4,1,2026-05-22 11:01:41,2026-05-22 11:01:41
4771,194,6,5,1,2026-05-22 11:01:41,2026-05-22 11:01:41
4772,194,8,6,1,2026-05-22 11:01:41,2026-05-22 11:01:41
4773,194,20,7,1,2026-05-22 11:01:41,2026-05-22 11:01:41
4774,194,24,9,1,2026-05-22 11:01:41,2026-05-22 11:01:41
4775,194,25,10,1,2026-05-22 11:01:41,2026-05-22 11:01:41
4776,194,113,11,1,2026-05-22 11:01:41,2026-05-22 11:01:41
4777,194,89,13,1,2026-05-22 11:01:41,2026-05-22 11:01:41
4778,194,80,15,1,2026-05-22 11:01:41,2026-05-22 11:01:41
4779,194,128,16,1,2026-05-22 11:01:41,2026-05-22 11:01:41
4780,195,1,1,1,2026-05-22 09:41:41,2026-05-22 09:41:41
4781,195,2,2,1,2026-05-22 09:41:41,2026-05-22 09:41:41
4782,195,4,3,1,2026-05-22 09:41:41,2026-05-22 09:41:41
4783,195,15,6,1,2026-05-22 09:41:41,2026-05-22 09:41:41
4784,195,21,7,1,2026-05-22 09:41:41,2026-05-22 09:41:41
4785,195,24,9,1,2026-05-22 09:41:41,2026-05-22 09:41:41
4786,195,100,11,1,2026-05-22 09:41:41,2026-05-22 09:41:41
4787,195,88,12,1,2026-05-22 09:41:41,2026-05-22 09:41:41
4788,195,78,13,1,2026-05-22 09:41:41,2026-05-22 09:41:41
4789,195,80,15,1,2026-05-22 09:41:41,2026-05-22 09:41:41
4790,195,110,16,1,2026-05-22 09:41:41,2026-05-22 09:41:41
4791,196,1,1,1,2026-05-22 16:56:14,2026-05-22 16:56:14
4792,196,2,2,1,2026-05-22 16:56:14,2026-05-22 16:56:14
4793,196,5,4,1,2026-05-22 16:56:14,2026-05-22 16:56:14
4794,196,6,5,1,2026-05-22 16:56:14,2026-05-22 16:56:14
4795,196,16,6,1,2026-05-22 16:56:14,2026-05-22 16:56:14
4796,196,20,7,1,2026-05-22 16:56:14,2026-05-22 16:56:14
4797,196,24,9,1,2026-05-22 16:56:14,2026-05-22 16:56:14
4798,196,116,13,1,2026-05-22 16:56:14,2026-05-22 16:56:14
4799,196,118,14,1,2026-05-22 16:56:14,2026-05-22 16:56:14
4800,196,123,16,1,2026-05-22 16:56:14,2026-05-22 16:56:14
4801,197,4,3,1,2026-05-22 12:49:27,2026-05-22 12:49:27
4802,197,5,4,1,2026-05-22 12:49:27,2026-05-22 12:49:27
4803,197,16,6,1,2026-05-22 12:49:27,2026-05-22 12:49:27
4804,197,21,7,1,2026-05-22 12:49:27,2026-05-22 12:49:27
4805,197,25,10,1,2026-05-22 12:49:27,2026-05-22 12:49:27
4806,197,88,12,1,2026-05-22 12:49:27,2026-05-22 12:49:27
4807,197,102,13,1,2026-05-22 12:49:27,2026-05-22 12:49:27
4808,197,79,14,1,2026-05-22 12:49:27,2026-05-22 12:49:27
4809,197,93,16,1,2026-05-22 12:49:27,2026-05-22 12:49:27
4810,198,1,1,1,2026-05-22 09:45:37,2026-05-22 09:45:37
4811,198,5,4,1,2026-05-22 09:45:37,2026-05-22 09:45:37
4812,198,18,6,1,2026-05-22 09:45:37,2026-05-22 09:45:37
4813,198,21,7,1,2026-05-22 09:45:37,2026-05-22 09:45:37
4814,198,25,10,1,2026-05-22 09:45:37,2026-05-22 09:45:37
4815,198,113,11,1,2026-05-22 09:45:37,2026-05-22 09:45:37
4816,198,101,12,1,2026-05-22 09:45:37,2026-05-22 09:45:37
4817,198,79,14,1,2026-05-22 09:45:37,2026-05-22 09:45:37
4818,198,110,16,1,2026-05-22 09:45:37,2026-05-22 09:45:37
4819,200,1,1,1,2026-05-22 08:37:55,2026-05-22 08:37:55
4820,200,2,2,1,2026-05-22 08:37:55,2026-05-22 08:37:55
4821,200,4,3,1,2026-05-22 08:37:55,2026-05-22 08:37:55
4822,200,5,4,1,2026-05-22 08:37:55,2026-05-22 08:37:55
4823,200,6,5,1,2026-05-22 08:37:55,2026-05-22 08:37:55
4824,200,21,7,1,2026-05-22 08:37:55,2026-05-22 08:37:55
4825,200,24,9,1,2026-05-22 08:37:55,2026-05-22 08:37:55
4826,200,25,10,1,2026-05-22 08:37:55,2026-05-22 08:37:55
4827,200,100,11,1,2026-05-22 08:37:55,2026-05-22 08:37:55
4828,200,101,12,1,2026-05-22 08:37:55,2026-05-22 08:37:55
4829,200,78,13,1,2026-05-22 08:37:55,2026-05-22 08:37:55
4830,200,79,14,1,2026-05-22 08:37:55,2026-05-22 08:37:55
4831,200,110,16,1,2026-05-22 08:37:55,2026-05-22 08:37:55
4832,202,1,1,1,2026-05-22 15:14:01,2026-05-22 15:14:01
4833,202,2,2,1,2026-05-22 15:14:01,2026-05-22 15:14:01
4834,202,4,3,1,2026-05-22 15:14:01,2026-05-22 15:14:01
4835,202,5,4,1,2026-05-22 15:14:01,2026-05-22 15:14:01
4836,202,6,5,1,2026-05-22 15:14:01,2026-05-22 15:14:01
4837,202,15,6,1,2026-05-22 15:14:01,2026-05-22 15:14:01
4838,202,21,7,1,2026-05-22 15:14:01,2026-05-22 15:14:01
4839,202,24,9,1,2026-05-22 15:14:01,2026-05-22 15:14:01
4840,202,25,10,1,2026-05-22 15:14:01,2026-05-22 15:14:01
4841,202,113,11,1,2026-05-22 15:14:01,2026-05-22 15:14:01
4842,202,78,13,1,2026-05-22 15:14:01,2026-05-22 15:14:01
4843,202,90,14,1,2026-05-22 15:14:01,2026-05-22 15:14:01
4844,202,104,15,1,2026-05-22 15:14:01,2026-05-22 15:14:01
4845,203,1,1,1,2026-05-22 15:20:09,2026-05-22 15:20:09
4846,203,3,2,1,2026-05-22 15:20:09,2026-05-22 15:20:09
4847,203,12,6,1,2026-05-22 15:20:09,2026-05-22 15:20:09
4848,203,21,7,1,2026-05-22 15:20:09,2026-05-22 15:20:09
4849,203,24,9,1,2026-05-22 15:20:09,2026-05-22 15:20:09
4850,203,100,11,1,2026-05-22 15:20:09,2026-05-22 15:20:09
4851,203,101,12,1,2026-05-22 15:20:09,2026-05-22 15:20:09
4852,203,102,13,1,2026-05-22 15:20:09,2026-05-22 15:20:09
4853,203,103,14,1,2026-05-22 15:20:09,2026-05-22 15:20:09
4854,203,123,16,1,2026-05-22 15:20:09,2026-05-22 15:20:09
4855,204,1,1,1,2026-05-22 09:47:16,2026-05-22 09:47:16
4856,204,3,2,1,2026-05-22 09:47:16,2026-05-22 09:47:16
4857,204,4,3,1,2026-05-22 09:47:16,2026-05-22 09:47:16
4858,204,5,4,1,2026-05-22 09:47:16,2026-05-22 09:47:16
4859,204,6,5,1,2026-05-22 09:47:16,2026-05-22 09:47:16
4860,204,12,6,1,2026-05-22 09:47:16,2026-05-22 09:47:16
4861,204,21,7,1,2026-05-22 09:47:16,2026-05-22 09:47:16
4862,204,24,9,1,2026-05-22 09:47:16,2026-05-22 09:47:16
4863,204,25,10,1,2026-05-22 09:47:16,2026-05-22 09:47:16
4864,204,87,11,1,2026-05-22 09:47:16,2026-05-22 09:47:16
4865,204,88,12,1,2026-05-22 09:47:16,2026-05-22 09:47:16
4866,204,89,13,1,2026-05-22 09:47:16,2026-05-22 09:47:16
4867,204,79,14,1,2026-05-22 09:47:16,2026-05-22 09:47:16
4868,204,91,15,1,2026-05-22 09:47:16,2026-05-22 09:47:16
4869,204,82,16,1,2026-05-22 09:47:16,2026-05-22 09:47:16
4870,206,5,4,1,2026-05-22 16:18:33,2026-05-22 16:18:33
4871,206,6,5,1,2026-05-22 16:18:33,2026-05-22 16:18:33
4872,206,11,6,1,2026-05-22 16:18:33,2026-05-22 16:18:33
4873,206,21,7,1,2026-05-22 16:18:33,2026-05-22 16:18:33
4874,206,24,9,1,2026-05-22 16:18:33,2026-05-22 16:18:33
4875,206,113,11,1,2026-05-22 16:18:33,2026-05-22 16:18:33
4876,206,89,13,1,2026-05-22 16:18:33,2026-05-22 16:18:33
4877,206,119,15,1,2026-05-22 16:18:33,2026-05-22 16:18:33
4878,206,128,16,1,2026-05-22 16:18:33,2026-05-22 16:18:33
4879,209,1,1,1,2026-05-22 14:22:01,2026-05-22 14:22:01
4880,209,2,2,1,2026-05-22 14:22:01,2026-05-22 14:22:01
4881,209,4,3,1,2026-05-22 14:22:01,2026-05-22 14:22:01
4882,209,6,5,1,2026-05-22 14:22:01,2026-05-22 14:22:01
4883,209,21,7,1,2026-05-22 14:22:01,2026-05-22 14:22:01
4884,209,25,10,1,2026-05-22 14:22:01,2026-05-22 14:22:01
4885,209,76,11,1,2026-05-22 14:22:01,2026-05-22 14:22:01
4886,209,77,12,1,2026-05-22 14:22:01,2026-05-22 14:22:01
4887,209,116,13,1,2026-05-22 14:22:01,2026-05-22 14:22:01
4888,209,90,14,1,2026-05-22 14:22:01,2026-05-22 14:22:01
4889,209,91,15,1,2026-05-22 14:22:01,2026-05-22 14:22:01
4890,211,4,3,1,2026-05-22 08:09:14,2026-05-22 08:09:14
4891,211,6,5,1,2026-05-22 08:09:14,2026-05-22 08:09:14
4892,211,20,7,1,2026-05-22 08:09:14,2026-05-22 08:09:14
4893,211,24,9,1,2026-05-22 08:09:14,2026-05-22 08:09:14
4894,211,25,10,1,2026-05-22 08:09:14,2026-05-22 08:09:14
4895,211,113,11,1,2026-05-22 08:09:14,2026-05-22 08:09:14
4896,211,77,12,1,2026-05-22 08:09:14,2026-05-22 08:09:14
4897,211,78,13,1,2026-05-22 08:09:14,2026-05-22 08:09:14
4898,211,103,14,1,2026-05-22 08:09:14,2026-05-22 08:09:14
4899,211,128,16,1,2026-05-22 08:09:14,2026-05-22 08:09:14
4900,212,2,2,1,2026-05-22 13:08:45,2026-05-22 13:08:45
4901,212,4,3,1,2026-05-22 13:08:45,2026-05-22 13:08:45
4902,212,6,5,1,2026-05-22 13:08:45,2026-05-22 13:08:45
4903,212,7,6,1,2026-05-22 13:08:45,2026-05-22 13:08:45
4904,212,21,7,1,2026-05-22 13:08:45,2026-05-22 13:08:45
4905,212,24,9,1,2026-05-22 13:08:45,2026-05-22 13:08:45
4906,212,25,10,1,2026-05-22 13:08:45,2026-05-22 13:08:45
4907,212,76,11,1,2026-05-22 13:08:45,2026-05-22 13:08:45
4908,212,114,12,1,2026-05-22 13:08:45,2026-05-22 13:08:45
4909,212,104,15,1,2026-05-22 13:08:45,2026-05-22 13:08:45
4910,212,106,16,1,2026-05-22 13:08:45,2026-05-22 13:08:45
4911,213,1,1,1,2026-05-22 15:37:11,2026-05-22 15:37:11
4912,213,4,3,1,2026-05-22 15:37:11,2026-05-22 15:37:11
4913,213,5,4,1,2026-05-22 15:37:11,2026-05-22 15:37:11
4914,213,6,5,1,2026-05-22 15:37:11,2026-05-22 15:37:11
4915,213,8,6,1,2026-05-22 15:37:11,2026-05-22 15:37:11
4916,213,21,7,1,2026-05-22 15:37:11,2026-05-22 15:37:11
4917,213,24,9,1,2026-05-22 15:37:11,2026-05-22 15:37:11
4918,213,25,10,1,2026-05-22 15:37:11,2026-05-22 15:37:11
4919,213,87,11,1,2026-05-22 15:37:11,2026-05-22 15:37:11
4920,213,101,12,1,2026-05-22 15:37:11,2026-05-22 15:37:11
4921,213,78,13,1,2026-05-22 15:37:11,2026-05-22 15:37:11
4922,213,91,15,1,2026-05-22 15:37:11,2026-05-22 15:37:11
4923,214,1,1,1,2026-05-22 14:28:03,2026-05-22 14:28:03
4924,214,5,4,1,2026-05-22 14:28:03,2026-05-22 14:28:03
4925,214,6,5,1,2026-05-22 14:28:03,2026-05-22 14:28:03
4926,214,16,6,1,2026-05-22 14:28:03,2026-05-22 14:28:03
4927,214,20,7,1,2026-05-22 14:28:03,2026-05-22 14:28:03
4928,214,25,10,1,2026-05-22 14:28:03,2026-05-22 14:28:03
4929,214,114,12,1,2026-05-22 14:28:03,2026-05-22 14:28:03
4930,214,102,13,1,2026-05-22 14:28:03,2026-05-22 14:28:03
4931,214,118,14,1,2026-05-22 14:28:03,2026-05-22 14:28:03
4932,214,80,15,1,2026-05-22 14:28:03,2026-05-22 14:28:03
4933,215,1,1,1,2026-05-22 10:44:41,2026-05-22 10:44:41
4934,215,4,3,1,2026-05-22 10:44:41,2026-05-22 10:44:41
4935,215,5,4,1,2026-05-22 10:44:41,2026-05-22 10:44:41
4936,215,14,6,1,2026-05-22 10:44:41,2026-05-22 10:44:41
4937,215,20,7,1,2026-05-22 10:44:41,2026-05-22 10:44:41
4938,215,24,9,1,2026-05-22 10:44:41,2026-05-22 10:44:41
4939,215,113,11,1,2026-05-22 10:44:41,2026-05-22 10:44:41
4940,215,102,13,1,2026-05-22 10:44:41,2026-05-22 10:44:41
4941,215,90,14,1,2026-05-22 10:44:41,2026-05-22 10:44:41
4942,215,91,15,1,2026-05-22 10:44:41,2026-05-22 10:44:41
4943,217,2,2,1,2026-05-22 10:53:03,2026-05-22 10:53:03
4944,217,4,3,1,2026-05-22 10:53:03,2026-05-22 10:53:03
4945,217,5,4,1,2026-05-22 10:53:03,2026-05-22 10:53:03
4946,217,6,5,1,2026-05-22 10:53:03,2026-05-22 10:53:03
4947,217,7,6,1,2026-05-22 10:53:03,2026-05-22 10:53:03
4948,217,21,7,1,2026-05-22 10:53:03,2026-05-22 10:53:03
4949,217,24,9,1,2026-05-22 10:53:03,2026-05-22 10:53:03
4950,217,25,10,1,2026-05-22 10:53:03,2026-05-22 10:53:03
4951,217,76,11,1,2026-05-22 10:53:03,2026-05-22 10:53:03
4952,217,90,14,1,2026-05-22 10:53:03,2026-05-22 10:53:03
4953,217,91,15,1,2026-05-22 10:53:03,2026-05-22 10:53:03
4954,217,109,16,1,2026-05-22 10:53:03,2026-05-22 10:53:03
4955,219,1,1,1,2026-05-22 13:40:53,2026-05-22 13:40:53
4956,219,3,2,1,2026-05-22 13:40:53,2026-05-22 13:40:53
4957,219,4,3,1,2026-05-22 13:40:53,2026-05-22 13:40:53
4958,219,6,5,1,2026-05-22 13:40:53,2026-05-22 13:40:53
4959,219,21,7,1,2026-05-22 13:40:53,2026-05-22 13:40:53
4960,219,25,10,1,2026-05-22 13:40:53,2026-05-22 13:40:53
4961,219,100,11,1,2026-05-22 13:40:53,2026-05-22 13:40:53
4962,219,89,13,1,2026-05-22 13:40:53,2026-05-22 13:40:53
4963,219,91,15,1,2026-05-22 13:40:53,2026-05-22 13:40:53
4964,219,110,16,1,2026-05-22 13:40:53,2026-05-22 13:40:53
4965,224,1,1,1,2026-05-22 08:20:53,2026-05-22 08:20:53
4966,224,4,3,1,2026-05-22 08:20:53,2026-05-22 08:20:53
4967,224,5,4,1,2026-05-22 08:20:53,2026-05-22 08:20:53
4968,224,24,9,1,2026-05-22 08:20:53,2026-05-22 08:20:53
4969,224,25,10,1,2026-05-22 08:20:53,2026-05-22 08:20:53
4970,224,76,11,1,2026-05-22 08:20:53,2026-05-22 08:20:53
4971,224,77,12,1,2026-05-22 08:20:53,2026-05-22 08:20:53
4972,224,78,13,1,2026-05-22 08:20:53,2026-05-22 08:20:53
4973,224,79,14,1,2026-05-22 08:20:53,2026-05-22 08:20:53
4974,224,111,16,1,2026-05-22 08:20:53,2026-05-22 08:20:53
4975,225,1,1,1,2026-05-22 16:05:18,2026-05-22 16:05:18
4976,225,3,2,1,2026-05-22 16:05:18,2026-05-22 16:05:18
4977,225,4,3,1,2026-05-22 16:05:18,2026-05-22 16:05:18
4978,225,5,4,1,2026-05-22 16:05:18,2026-05-22 16:05:18
4979,225,6,5,1,2026-05-22 16:05:18,2026-05-22 16:05:18
4980,225,8,6,1,2026-05-22 16:05:18,2026-05-22 16:05:18
4981,225,24,9,1,2026-05-22 16:05:18,2026-05-22 16:05:18
4982,225,25,10,1,2026-05-22 16:05:18,2026-05-22 16:05:18
4983,225,87,11,1,2026-05-22 16:05:18,2026-05-22 16:05:18
4984,225,88,12,1,2026-05-22 16:05:18,2026-05-22 16:05:18
4985,225,103,14,1,2026-05-22 16:05:18,2026-05-22 16:05:18
4986,225,91,15,1,2026-05-22 16:05:18,2026-05-22 16:05:18
4987,227,1,1,1,2026-05-22 14:30:56,2026-05-22 14:30:56
4988,227,3,2,1,2026-05-22 14:30:56,2026-05-22 14:30:56
4989,227,4,3,1,2026-05-22 14:30:56,2026-05-22 14:30:56
4990,227,5,4,1,2026-05-22 14:30:56,2026-05-22 14:30:56
4991,227,6,5,1,2026-05-22 14:30:56,2026-05-22 14:30:56
4992,227,20,7,1,2026-05-22 14:30:56,2026-05-22 14:30:56
4993,227,24,9,1,2026-05-22 14:30:56,2026-05-22 14:30:56
4994,227,25,10,1,2026-05-22 14:30:56,2026-05-22 14:30:56
4995,227,113,11,1,2026-05-22 14:30:56,2026-05-22 14:30:56
4996,227,101,12,1,2026-05-22 14:30:56,2026-05-22 14:30:56
4997,227,102,13,1,2026-05-22 14:30:56,2026-05-22 14:30:56
4998,227,118,14,1,2026-05-22 14:30:56,2026-05-22 14:30:56
4999,227,80,15,1,2026-05-22 14:30:56,2026-05-22 14:30:56
5000,227,84,16,1,2026-05-22 14:30:56,2026-05-22 14:30:56
5001,230,1,1,1,2026-05-22 11:10:49,2026-05-22 11:10:49
5002,230,3,2,1,2026-05-22 11:10:49,2026-05-22 11:10:49
5003,230,4,3,1,2026-05-22 11:10:49,2026-05-22 11:10:49
5004,230,5,4,1,2026-05-22 11:10:49,2026-05-22 11:10:49
5005,230,6,5,1,2026-05-22 11:10:49,2026-05-22 11:10:49
5006,230,14,6,1,2026-05-22 11:10:49,2026-05-22 11:10:49
5007,230,20,7,1,2026-05-22 11:10:49,2026-05-22 11:10:49
5008,230,24,9,1,2026-05-22 11:10:49,2026-05-22 11:10:49
5009,230,25,10,1,2026-05-22 11:10:49,2026-05-22 11:10:49
5010,230,113,11,1,2026-05-22 11:10:49,2026-05-22 11:10:49
5011,230,114,12,1,2026-05-22 11:10:49,2026-05-22 11:10:49
5012,230,102,13,1,2026-05-22 11:10:49,2026-05-22 11:10:49
5013,230,118,14,1,2026-05-22 11:10:49,2026-05-22 11:10:49
5014,230,119,15,1,2026-05-22 11:10:49,2026-05-22 11:10:49
5015,230,111,16,1,2026-05-22 11:10:49,2026-05-22 11:10:49
5016,231,1,1,1,2026-05-22 11:02:10,2026-05-22 11:02:10
5017,231,2,2,1,2026-05-22 11:02:10,2026-05-22 11:02:10
5018,231,4,3,1,2026-05-22 11:02:10,2026-05-22 11:02:10
5019,231,21,7,1,2026-05-22 11:02:10,2026-05-22 11:02:10
5020,231,24,9,1,2026-05-22 11:02:10,2026-05-22 11:02:10
5021,231,25,10,1,2026-05-22 11:02:10,2026-05-22 11:02:10
5022,231,116,13,1,2026-05-22 11:02:10,2026-05-22 11:02:10
5023,231,119,15,1,2026-05-22 11:02:10,2026-05-22 11:02:10
5024,231,84,16,1,2026-05-22 11:02:10,2026-05-22 11:02:10
5025,232,1,1,1,2026-05-22 15:29:13,2026-05-22 15:29:13
5026,232,2,2,1,2026-05-22 15:29:13,2026-05-22 15:29:13
5027,232,4,3,1,2026-05-22 15:29:13,2026-05-22 15:29:13
5028,232,5,4,1,2026-05-22 15:29:13,2026-05-22 15:29:13
5029,232,6,5,1,2026-05-22 15:29:13,2026-05-22 15:29:13
5030,232,9,6,1,2026-05-22 15:29:13,2026-05-22 15:29:13
5031,232,25,10,1,2026-05-22 15:29:13,2026-05-22 15:29:13
5032,232,76,11,1,2026-05-22 15:29:13,2026-05-22 15:29:13
5033,232,88,12,1,2026-05-22 15:29:13,2026-05-22 15:29:13
5034,232,116,13,1,2026-05-22 15:29:13,2026-05-22 15:29:13
5035,232,118,14,1,2026-05-22 15:29:13,2026-05-22 15:29:13
5036,232,95,16,1,2026-05-22 15:29:13,2026-05-22 15:29:13
5037,233,1,1,1,2026-05-22 09:21:46,2026-05-22 09:21:46
5038,233,3,2,1,2026-05-22 09:21:46,2026-05-22 09:21:46
5039,233,4,3,1,2026-05-22 09:21:46,2026-05-22 09:21:46
5040,233,5,4,1,2026-05-22 09:21:46,2026-05-22 09:21:46
5041,233,6,5,1,2026-05-22 09:21:46,2026-05-22 09:21:46
5042,233,14,6,1,2026-05-22 09:21:46,2026-05-22 09:21:46
5043,233,20,7,1,2026-05-22 09:21:46,2026-05-22 09:21:46
5044,233,24,9,1,2026-05-22 09:21:46,2026-05-22 09:21:46
5045,233,25,10,1,2026-05-22 09:21:46,2026-05-22 09:21:46
5046,233,76,11,1,2026-05-22 09:21:46,2026-05-22 09:21:46
5047,233,114,12,1,2026-05-22 09:21:46,2026-05-22 09:21:46
5048,233,116,13,1,2026-05-22 09:21:46,2026-05-22 09:21:46
5049,233,79,14,1,2026-05-22 09:21:46,2026-05-22 09:21:46
5050,233,80,15,1,2026-05-22 09:21:46,2026-05-22 09:21:46
5051,233,83,16,1,2026-05-22 09:21:46,2026-05-22 09:21:46
5052,236,1,1,1,2026-05-22 13:32:42,2026-05-22 13:32:42
5053,236,3,2,1,2026-05-22 13:32:42,2026-05-22 13:32:42
5054,236,4,3,1,2026-05-22 13:32:42,2026-05-22 13:32:42
5055,236,5,4,1,2026-05-22 13:32:42,2026-05-22 13:32:42
5056,236,6,5,1,2026-05-22 13:32:42,2026-05-22 13:32:42
5057,236,11,6,1,2026-05-22 13:32:42,2026-05-22 13:32:42
5058,236,20,7,1,2026-05-22 13:32:42,2026-05-22 13:32:42
5059,236,24,9,1,2026-05-22 13:32:42,2026-05-22 13:32:42
5060,236,25,10,1,2026-05-22 13:32:42,2026-05-22 13:32:42
5061,236,100,11,1,2026-05-22 13:32:42,2026-05-22 13:32:42
5062,236,101,12,1,2026-05-22 13:32:42,2026-05-22 13:32:42
5063,236,79,14,1,2026-05-22 13:32:42,2026-05-22 13:32:42
5064,236,80,15,1,2026-05-22 13:32:42,2026-05-22 13:32:42
5065,237,1,1,1,2026-05-22 10:59:18,2026-05-22 10:59:18
5066,237,2,2,1,2026-05-22 10:59:18,2026-05-22 10:59:18
5067,237,4,3,1,2026-05-22 10:59:18,2026-05-22 10:59:18
5068,237,5,4,1,2026-05-22 10:59:18,2026-05-22 10:59:18
5069,237,6,5,1,2026-05-22 10:59:18,2026-05-22 10:59:18
5070,237,20,7,1,2026-05-22 10:59:18,2026-05-22 10:59:18
5071,237,24,9,1,2026-05-22 10:59:18,2026-05-22 10:59:18
5072,237,113,11,1,2026-05-22 10:59:18,2026-05-22 10:59:18
5073,237,114,12,1,2026-05-22 10:59:18,2026-05-22 10:59:18
5074,237,89,13,1,2026-05-22 10:59:18,2026-05-22 10:59:18
5075,237,118,14,1,2026-05-22 10:59:18,2026-05-22 10:59:18
5076,237,80,15,1,2026-05-22 10:59:18,2026-05-22 10:59:18
5077,238,1,1,1,2026-05-22 17:39:17,2026-05-22 17:39:17
5078,238,3,2,1,2026-05-22 17:39:17,2026-05-22 17:39:17
5079,238,4,3,1,2026-05-22 17:39:17,2026-05-22 17:39:17
5080,238,5,4,1,2026-05-22 17:39:17,2026-05-22 17:39:17
5081,238,15,6,1,2026-05-22 17:39:17,2026-05-22 17:39:17
5082,238,21,7,1,2026-05-22 17:39:17,2026-05-22 17:39:17
5083,238,24,9,1,2026-05-22 17:39:17,2026-05-22 17:39:17
5084,238,25,10,1,2026-05-22 17:39:17,2026-05-22 17:39:17
5085,238,87,11,1,2026-05-22 17:39:17,2026-05-22 17:39:17
5086,238,88,12,1,2026-05-22 17:39:17,2026-05-22 17:39:17
5087,238,116,13,1,2026-05-22 17:39:17,2026-05-22 17:39:17
5088,238,103,14,1,2026-05-22 17:39:17,2026-05-22 17:39:17
5089,238,104,15,1,2026-05-22 17:39:17,2026-05-22 17:39:17
5090,238,128,16,1,2026-05-22 17:39:17,2026-05-22 17:39:17
5091,239,4,3,1,2026-05-22 11:57:23,2026-05-22 11:57:23
5092,239,5,4,1,2026-05-22 11:57:23,2026-05-22 11:57:23
5093,239,6,5,1,2026-05-22 11:57:23,2026-05-22 11:57:23
5094,239,18,6,1,2026-05-22 11:57:23,2026-05-22 11:57:23
5095,239,21,7,1,2026-05-22 11:57:23,2026-05-22 11:57:23
5096,239,25,10,1,2026-05-22 11:57:23,2026-05-22 11:57:23
5097,239,100,11,1,2026-05-22 11:57:23,2026-05-22 11:57:23
5098,239,114,12,1,2026-05-22 11:57:23,2026-05-22 11:57:23
5099,239,78,13,1,2026-05-22 11:57:23,2026-05-22 11:57:23
5100,239,79,14,1,2026-05-22 11:57:23,2026-05-22 11:57:23
5101,242,1,1,1,2026-05-22 08:27:36,2026-05-22 08:27:36
5102,242,2,2,1,2026-05-22 08:27:36,2026-05-22 08:27:36
5103,242,4,3,1,2026-05-22 08:27:36,2026-05-22 08:27:36
5104,242,5,4,1,2026-05-22 08:27:36,2026-05-22 08:27:36
5105,242,6,5,1,2026-05-22 08:27:36,2026-05-22 08:27:36
5106,242,8,6,1,2026-05-22 08:27:36,2026-05-22 08:27:36
5107,242,25,10,1,2026-05-22 08:27:36,2026-05-22 08:27:36
5108,242,113,11,1,2026-05-22 08:27:36,2026-05-22 08:27:36
5109,242,88,12,1,2026-05-22 08:27:36,2026-05-22 08:27:36
5110,242,102,13,1,2026-05-22 08:27:36,2026-05-22 08:27:36
5111,242,80,15,1,2026-05-22 08:27:36,2026-05-22 08:27:36
5112,242,110,16,1,2026-05-22 08:27:36,2026-05-22 08:27:36
5113,243,1,1,1,2026-05-22 15:03:18,2026-05-22 15:03:18
5114,243,2,2,1,2026-05-22 15:03:18,2026-05-22 15:03:18
5115,243,4,3,1,2026-05-22 15:03:18,2026-05-22 15:03:18
5116,243,5,4,1,2026-05-22 15:03:18,2026-05-22 15:03:18
5117,243,6,5,1,2026-05-22 15:03:18,2026-05-22 15:03:18
5118,243,8,6,1,2026-05-22 15:03:18,2026-05-22 15:03:18
5119,243,24,9,1,2026-05-22 15:03:18,2026-05-22 15:03:18
5120,243,25,10,1,2026-05-22 15:03:18,2026-05-22 15:03:18
5121,243,77,12,1,2026-05-22 15:03:18,2026-05-22 15:03:18
5122,243,116,13,1,2026-05-22 15:03:18,2026-05-22 15:03:18
5123,243,79,14,1,2026-05-22 15:03:18,2026-05-22 15:03:18
5124,243,119,15,1,2026-05-22 15:03:18,2026-05-22 15:03:18
5125,245,1,1,1,2026-05-22 13:04:51,2026-05-22 13:04:51
5126,245,3,2,1,2026-05-22 13:04:51,2026-05-22 13:04:51
5127,245,4,3,1,2026-05-22 13:04:51,2026-05-22 13:04:51
5128,245,5,4,1,2026-05-22 13:04:51,2026-05-22 13:04:51
5129,245,6,5,1,2026-05-22 13:04:51,2026-05-22 13:04:51
5130,245,14,6,1,2026-05-22 13:04:51,2026-05-22 13:04:51
5131,245,20,7,1,2026-05-22 13:04:51,2026-05-22 13:04:51
5132,245,24,9,1,2026-05-22 13:04:51,2026-05-22 13:04:51
5133,245,25,10,1,2026-05-22 13:04:51,2026-05-22 13:04:51
5134,245,87,11,1,2026-05-22 13:04:51,2026-05-22 13:04:51
5135,245,116,13,1,2026-05-22 13:04:51,2026-05-22 13:04:51
5136,245,119,15,1,2026-05-22 13:04:51,2026-05-22 13:04:51
5137,245,83,16,1,2026-05-22 13:04:51,2026-05-22 13:04:51
5138,246,5,4,1,2026-05-22 14:21:38,2026-05-22 14:21:38
5139,246,6,5,1,2026-05-22 14:21:38,2026-05-22 14:21:38
5140,246,8,6,1,2026-05-22 14:21:38,2026-05-22 14:21:38
5141,246,21,7,1,2026-05-22 14:21:38,2026-05-22 14:21:38
5142,246,25,10,1,2026-05-22 14:21:38,2026-05-22 14:21:38
5143,246,88,12,1,2026-05-22 14:21:38,2026-05-22 14:21:38
5144,246,89,13,1,2026-05-22 14:21:38,2026-05-22 14:21:38
5145,246,79,14,1,2026-05-22 14:21:38,2026-05-22 14:21:38
5146,246,104,15,1,2026-05-22 14:21:38,2026-05-22 14:21:38
5147,246,110,16,1,2026-05-22 14:21:38,2026-05-22 14:21:38
5148,248,1,1,1,2026-05-22 10:03:50,2026-05-22 10:03:50
5149,248,2,2,1,2026-05-22 10:03:50,2026-05-22 10:03:50
5150,248,4,3,1,2026-05-22 10:03:50,2026-05-22 10:03:50
5151,248,5,4,1,2026-05-22 10:03:50,2026-05-22 10:03:50
5152,248,6,5,1,2026-05-22 10:03:50,2026-05-22 10:03:50
5153,248,8,6,1,2026-05-22 10:03:50,2026-05-22 10:03:50
5154,248,24,9,1,2026-05-22 10:03:50,2026-05-22 10:03:50
5155,248,25,10,1,2026-05-22 10:03:50,2026-05-22 10:03:50
5156,248,114,12,1,2026-05-22 10:03:50,2026-05-22 10:03:50
5157,248,78,13,1,2026-05-22 10:03:50,2026-05-22 10:03:50
5158,248,91,15,1,2026-05-22 10:03:50,2026-05-22 10:03:50
5159,248,128,16,1,2026-05-22 10:03:50,2026-05-22 10:03:50
5160,249,1,1,1,2026-05-22 15:55:23,2026-05-22 15:55:23
5161,249,2,2,1,2026-05-22 15:55:23,2026-05-22 15:55:23
5162,249,4,3,1,2026-05-22 15:55:23,2026-05-22 15:55:23
5163,249,5,4,1,2026-05-22 15:55:23,2026-05-22 15:55:23
5164,249,6,5,1,2026-05-22 15:55:23,2026-05-22 15:55:23
5165,249,16,6,1,2026-05-22 15:55:23,2026-05-22 15:55:23
5166,249,21,7,1,2026-05-22 15:55:23,2026-05-22 15:55:23
5167,249,24,9,1,2026-05-22 15:55:23,2026-05-22 15:55:23
5168,249,25,10,1,2026-05-22 15:55:23,2026-05-22 15:55:23
5169,249,76,11,1,2026-05-22 15:55:23,2026-05-22 15:55:23
5170,249,114,12,1,2026-05-22 15:55:23,2026-05-22 15:55:23
5171,249,78,13,1,2026-05-22 15:55:23,2026-05-22 15:55:23
5172,249,80,15,1,2026-05-22 15:55:23,2026-05-22 15:55:23
5173,249,83,16,1,2026-05-22 15:55:23,2026-05-22 15:55:23
5174,250,1,1,1,2026-05-22 08:49:42,2026-05-22 08:49:42
5175,250,2,2,1,2026-05-22 08:49:42,2026-05-22 08:49:42
5176,250,4,3,1,2026-05-22 08:49:42,2026-05-22 08:49:42
5177,250,5,4,1,2026-05-22 08:49:42,2026-05-22 08:49:42
5178,250,6,5,1,2026-05-22 08:49:42,2026-05-22 08:49:42
5179,250,18,6,1,2026-05-22 08:49:42,2026-05-22 08:49:42
5180,250,21,7,1,2026-05-22 08:49:42,2026-05-22 08:49:42
5181,250,25,10,1,2026-05-22 08:49:42,2026-05-22 08:49:42
5182,250,100,11,1,2026-05-22 08:49:42,2026-05-22 08:49:42
5183,250,101,12,1,2026-05-22 08:49:42,2026-05-22 08:49:42
5184,250,78,13,1,2026-05-22 08:49:42,2026-05-22 08:49:42
5185,250,90,14,1,2026-05-22 08:49:42,2026-05-22 08:49:42
5186,250,80,15,1,2026-05-22 08:49:42,2026-05-22 08:49:42
5187,250,82,16,1,2026-05-22 08:49:42,2026-05-22 08:49:42
5188,251,1,1,1,2026-05-22 08:05:29,2026-05-22 08:05:29
5189,251,2,2,1,2026-05-22 08:05:29,2026-05-22 08:05:29
5190,251,5,4,1,2026-05-22 08:05:29,2026-05-22 08:05:29
5191,251,6,5,1,2026-05-22 08:05:29,2026-05-22 08:05:29
5192,251,8,6,1,2026-05-22 08:05:29,2026-05-22 08:05:29
5193,251,20,7,1,2026-05-22 08:05:29,2026-05-22 08:05:29
5194,251,25,10,1,2026-05-22 08:05:29,2026-05-22 08:05:29
5195,251,113,11,1,2026-05-22 08:05:29,2026-05-22 08:05:29
5196,251,77,12,1,2026-05-22 08:05:29,2026-05-22 08:05:29
5197,251,102,13,1,2026-05-22 08:05:29,2026-05-22 08:05:29
5198,251,79,14,1,2026-05-22 08:05:29,2026-05-22 08:05:29
5199,251,104,15,1,2026-05-22 08:05:29,2026-05-22 08:05:29
5200,251,84,16,1,2026-05-22 08:05:29,2026-05-22 08:05:29
5201,252,1,1,1,2026-05-22 11:35:37,2026-05-22 11:35:37
5202,252,3,2,1,2026-05-22 11:35:37,2026-05-22 11:35:37
5203,252,4,3,1,2026-05-22 11:35:37,2026-05-22 11:35:37
5204,252,5,4,1,2026-05-22 11:35:37,2026-05-22 11:35:37
5205,252,6,5,1,2026-05-22 11:35:37,2026-05-22 11:35:37
5206,252,15,6,1,2026-05-22 11:35:37,2026-05-22 11:35:37
5207,252,20,7,1,2026-05-22 11:35:37,2026-05-22 11:35:37
5208,252,24,9,1,2026-05-22 11:35:37,2026-05-22 11:35:37
5209,252,25,10,1,2026-05-22 11:35:37,2026-05-22 11:35:37
5210,252,87,11,1,2026-05-22 11:35:37,2026-05-22 11:35:37
5211,252,88,12,1,2026-05-22 11:35:37,2026-05-22 11:35:37
5212,252,118,14,1,2026-05-22 11:35:37,2026-05-22 11:35:37
5213,252,104,15,1,2026-05-22 11:35:37,2026-05-22 11:35:37
5214,252,109,16,1,2026-05-22 11:35:37,2026-05-22 11:35:37
5215,253,1,1,1,2026-05-22 10:26:41,2026-05-22 10:26:41
5216,253,3,2,1,2026-05-22 10:26:41,2026-05-22 10:26:41
5217,253,5,4,1,2026-05-22 10:26:41,2026-05-22 10:26:41
5218,253,6,5,1,2026-05-22 10:26:41,2026-05-22 10:26:41
5219,253,7,6,1,2026-05-22 10:26:41,2026-05-22 10:26:41
5220,253,20,7,1,2026-05-22 10:26:41,2026-05-22 10:26:41
5221,253,24,9,1,2026-05-22 10:26:41,2026-05-22 10:26:41
5222,253,25,10,1,2026-05-22 10:26:41,2026-05-22 10:26:41
5223,253,76,11,1,2026-05-22 10:26:41,2026-05-22 10:26:41
5224,253,101,12,1,2026-05-22 10:26:41,2026-05-22 10:26:41
5225,253,116,13,1,2026-05-22 10:26:41,2026-05-22 10:26:41
5226,253,90,14,1,2026-05-22 10:26:41,2026-05-22 10:26:41
5227,253,104,15,1,2026-05-22 10:26:41,2026-05-22 10:26:41
5228,253,110,16,1,2026-05-22 10:26:41,2026-05-22 10:26:41
5229,254,1,1,1,2026-05-22 12:03:54,2026-05-22 12:03:54
5230,254,3,2,1,2026-05-22 12:03:54,2026-05-22 12:03:54
5231,254,4,3,1,2026-05-22 12:03:54,2026-05-22 12:03:54
5232,254,5,4,1,2026-05-22 12:03:54,2026-05-22 12:03:54
5233,254,6,5,1,2026-05-22 12:03:54,2026-05-22 12:03:54
5234,254,16,6,1,2026-05-22 12:03:54,2026-05-22 12:03:54
5235,254,21,7,1,2026-05-22 12:03:54,2026-05-22 12:03:54
5236,254,24,9,1,2026-05-22 12:03:54,2026-05-22 12:03:54
5237,254,25,10,1,2026-05-22 12:03:54,2026-05-22 12:03:54
5238,254,113,11,1,2026-05-22 12:03:54,2026-05-22 12:03:54
5239,254,88,12,1,2026-05-22 12:03:54,2026-05-22 12:03:54
5240,254,78,13,1,2026-05-22 12:03:54,2026-05-22 12:03:54
5241,254,103,14,1,2026-05-22 12:03:54,2026-05-22 12:03:54
5242,254,104,15,1,2026-05-22 12:03:54,2026-05-22 12:03:54
5243,254,105,16,1,2026-05-22 12:03:54,2026-05-22 12:03:54
5244,257,1,1,1,2026-05-22 08:46:45,2026-05-22 08:46:45
5245,257,2,2,1,2026-05-22 08:46:45,2026-05-22 08:46:45
5246,257,4,3,1,2026-05-22 08:46:45,2026-05-22 08:46:45
5247,257,5,4,1,2026-05-22 08:46:45,2026-05-22 08:46:45
5248,257,6,5,1,2026-05-22 08:46:45,2026-05-22 08:46:45
5249,257,19,6,1,2026-05-22 08:46:45,2026-05-22 08:46:45
5250,257,20,7,1,2026-05-22 08:46:45,2026-05-22 08:46:45
5251,257,24,9,1,2026-05-22 08:46:45,2026-05-22 08:46:45
5252,257,25,10,1,2026-05-22 08:46:45,2026-05-22 08:46:45
5253,257,87,11,1,2026-05-22 08:46:45,2026-05-22 08:46:45
5254,257,114,12,1,2026-05-22 08:46:45,2026-05-22 08:46:45
5255,257,102,13,1,2026-05-22 08:46:45,2026-05-22 08:46:45
5256,257,103,14,1,2026-05-22 08:46:45,2026-05-22 08:46:45
5257,257,119,15,1,2026-05-22 08:46:45,2026-05-22 08:46:45
5258,258,1,1,1,2026-05-22 16:46:35,2026-05-22 16:46:35
5259,258,2,2,1,2026-05-22 16:46:35,2026-05-22 16:46:35
5260,258,4,3,1,2026-05-22 16:46:35,2026-05-22 16:46:35
5261,258,5,4,1,2026-05-22 16:46:35,2026-05-22 16:46:35
5262,258,6,5,1,2026-05-22 16:46:35,2026-05-22 16:46:35
5263,258,16,6,1,2026-05-22 16:46:35,2026-05-22 16:46:35
5264,258,21,7,1,2026-05-22 16:46:35,2026-05-22 16:46:35
5265,258,24,9,1,2026-05-22 16:46:35,2026-05-22 16:46:35
5266,258,25,10,1,2026-05-22 16:46:35,2026-05-22 16:46:35
5267,258,87,11,1,2026-05-22 16:46:35,2026-05-22 16:46:35
5268,258,116,13,1,2026-05-22 16:46:35,2026-05-22 16:46:35
5269,258,79,14,1,2026-05-22 16:46:35,2026-05-22 16:46:35
5270,258,91,15,1,2026-05-22 16:46:35,2026-05-22 16:46:35
5271,262,1,1,1,2026-05-22 08:47:07,2026-05-22 08:47:07
5272,262,2,2,1,2026-05-22 08:47:07,2026-05-22 08:47:07
5273,262,4,3,1,2026-05-22 08:47:07,2026-05-22 08:47:07
5274,262,25,10,1,2026-05-22 08:47:07,2026-05-22 08:47:07
5275,262,100,11,1,2026-05-22 08:47:07,2026-05-22 08:47:07
5276,262,77,12,1,2026-05-22 08:47:07,2026-05-22 08:47:07
5277,262,89,13,1,2026-05-22 08:47:07,2026-05-22 08:47:07
5278,262,118,14,1,2026-05-22 08:47:07,2026-05-22 08:47:07
5279,262,119,15,1,2026-05-22 08:47:07,2026-05-22 08:47:07
5280,262,123,16,1,2026-05-22 08:47:07,2026-05-22 08:47:07
5281,263,3,2,1,2026-05-22 11:06:18,2026-05-22 11:06:18
5282,263,4,3,1,2026-05-22 11:06:18,2026-05-22 11:06:18
5283,263,6,5,1,2026-05-22 11:06:18,2026-05-22 11:06:18
5284,263,11,6,1,2026-05-22 11:06:18,2026-05-22 11:06:18
5285,263,21,7,1,2026-05-22 11:06:18,2026-05-22 11:06:18
5286,263,25,10,1,2026-05-22 11:06:18,2026-05-22 11:06:18
5287,263,87,11,1,2026-05-22 11:06:18,2026-05-22 11:06:18
5288,263,78,13,1,2026-05-22 11:06:18,2026-05-22 11:06:18
5289,263,79,14,1,2026-05-22 11:06:18,2026-05-22 11:06:18
5290,263,91,15,1,2026-05-22 11:06:18,2026-05-22 11:06:18
5291,265,1,1,1,2026-05-22 17:30:56,2026-05-22 17:30:56
5292,265,2,2,1,2026-05-22 17:30:56,2026-05-22 17:30:56
5293,265,4,3,1,2026-05-22 17:30:56,2026-05-22 17:30:56
5294,265,5,4,1,2026-05-22 17:30:56,2026-05-22 17:30:56
5295,265,6,5,1,2026-05-22 17:30:56,2026-05-22 17:30:56
5296,265,14,6,1,2026-05-22 17:30:56,2026-05-22 17:30:56
5297,265,20,7,1,2026-05-22 17:30:56,2026-05-22 17:30:56
5298,265,24,9,1,2026-05-22 17:30:56,2026-05-22 17:30:56
5299,265,25,10,1,2026-05-22 17:30:56,2026-05-22 17:30:56
5300,265,113,11,1,2026-05-22 17:30:56,2026-05-22 17:30:56
5301,265,114,12,1,2026-05-22 17:30:56,2026-05-22 17:30:56
5302,265,102,13,1,2026-05-22 17:30:56,2026-05-22 17:30:56
5303,265,79,14,1,2026-05-22 17:30:56,2026-05-22 17:30:56
5304,265,119,15,1,2026-05-22 17:30:56,2026-05-22 17:30:56
5305,265,93,16,1,2026-05-22 17:30:56,2026-05-22 17:30:56
5306,267,1,1,1,2026-05-22 12:38:00,2026-05-22 12:38:00
5307,267,3,2,1,2026-05-22 12:38:00,2026-05-22 12:38:00
5308,267,5,4,1,2026-05-22 12:38:00,2026-05-22 12:38:00
5309,267,6,5,1,2026-05-22 12:38:00,2026-05-22 12:38:00
5310,267,15,6,1,2026-05-22 12:38:00,2026-05-22 12:38:00
5311,267,21,7,1,2026-05-22 12:38:00,2026-05-22 12:38:00
5312,267,24,9,1,2026-05-22 12:38:00,2026-05-22 12:38:00
5313,267,25,10,1,2026-05-22 12:38:00,2026-05-22 12:38:00
5314,267,113,11,1,2026-05-22 12:38:00,2026-05-22 12:38:00
5315,267,102,13,1,2026-05-22 12:38:00,2026-05-22 12:38:00
5316,267,103,14,1,2026-05-22 12:38:00,2026-05-22 12:38:00
5317,267,128,16,1,2026-05-22 12:38:00,2026-05-22 12:38:00
5318,268,3,2,1,2026-05-22 15:42:38,2026-05-22 15:42:38
5319,268,4,3,1,2026-05-22 15:42:38,2026-05-22 15:42:38
5320,268,5,4,1,2026-05-22 15:42:38,2026-05-22 15:42:38
5321,268,6,5,1,2026-05-22 15:42:38,2026-05-22 15:42:38
5322,268,8,6,1,2026-05-22 15:42:38,2026-05-22 15:42:38
5323,268,20,7,1,2026-05-22 15:42:38,2026-05-22 15:42:38
5324,268,24,9,1,2026-05-22 15:42:38,2026-05-22 15:42:38
5325,268,25,10,1,2026-05-22 15:42:38,2026-05-22 15:42:38
5326,268,76,11,1,2026-05-22 15:42:38,2026-05-22 15:42:38
5327,268,88,12,1,2026-05-22 15:42:38,2026-05-22 15:42:38
5328,268,116,13,1,2026-05-22 15:42:38,2026-05-22 15:42:38
5329,268,103,14,1,2026-05-22 15:42:38,2026-05-22 15:42:38
5330,268,80,15,1,2026-05-22 15:42:38,2026-05-22 15:42:38
5331,270,1,1,1,2026-05-22 10:55:34,2026-05-22 10:55:34
5332,270,2,2,1,2026-05-22 10:55:34,2026-05-22 10:55:34
5333,270,4,3,1,2026-05-22 10:55:34,2026-05-22 10:55:34
5334,270,15,6,1,2026-05-22 10:55:34,2026-05-22 10:55:34
5335,270,21,7,1,2026-05-22 10:55:34,2026-05-22 10:55:34
5336,270,24,9,1,2026-05-22 10:55:34,2026-05-22 10:55:34
5337,270,87,11,1,2026-05-22 10:55:34,2026-05-22 10:55:34
5338,270,114,12,1,2026-05-22 10:55:34,2026-05-22 10:55:34
5339,270,116,13,1,2026-05-22 10:55:34,2026-05-22 10:55:34
5340,270,79,14,1,2026-05-22 10:55:34,2026-05-22 10:55:34
5341,270,91,15,1,2026-05-22 10:55:34,2026-05-22 10:55:34
5342,270,127,16,1,2026-05-22 10:55:34,2026-05-22 10:55:34
5343,271,1,1,1,2026-05-22 13:12:23,2026-05-22 13:12:23
5344,271,2,2,1,2026-05-22 13:12:23,2026-05-22 13:12:23
5345,271,4,3,1,2026-05-22 13:12:23,2026-05-22 13:12:23
5346,271,5,4,1,2026-05-22 13:12:23,2026-05-22 13:12:23
5347,271,25,10,1,2026-05-22 13:12:23,2026-05-22 13:12:23
5348,271,100,11,1,2026-05-22 13:12:23,2026-05-22 13:12:23
5349,271,114,12,1,2026-05-22 13:12:23,2026-05-22 13:12:23
5350,271,116,13,1,2026-05-22 13:12:23,2026-05-22 13:12:23
5351,271,90,14,1,2026-05-22 13:12:23,2026-05-22 13:12:23
5352,271,127,16,1,2026-05-22 13:12:23,2026-05-22 13:12:23
5353,272,2,2,1,2026-05-22 08:16:47,2026-05-22 08:16:47
5354,272,4,3,1,2026-05-22 08:16:47,2026-05-22 08:16:47
5355,272,5,4,1,2026-05-22 08:16:47,2026-05-22 08:16:47
5356,272,6,5,1,2026-05-22 08:16:47,2026-05-22 08:16:47
5357,272,18,6,1,2026-05-22 08:16:47,2026-05-22 08:16:47
5358,272,20,7,1,2026-05-22 08:16:47,2026-05-22 08:16:47
5359,272,24,9,1,2026-05-22 08:16:47,2026-05-22 08:16:47
5360,272,25,10,1,2026-05-22 08:16:47,2026-05-22 08:16:47
5361,272,100,11,1,2026-05-22 08:16:47,2026-05-22 08:16:47
5362,272,77,12,1,2026-05-22 08:16:47,2026-05-22 08:16:47
5363,272,102,13,1,2026-05-22 08:16:47,2026-05-22 08:16:47
5364,272,103,14,1,2026-05-22 08:16:47,2026-05-22 08:16:47
5365,272,119,15,1,2026-05-22 08:16:47,2026-05-22 08:16:47
5366,272,110,16,1,2026-05-22 08:16:47,2026-05-22 08:16:47
5367,274,1,1,1,2026-05-22 16:48:15,2026-05-22 16:48:15
5368,274,3,2,1,2026-05-22 16:48:15,2026-05-22 16:48:15
5369,274,4,3,1,2026-05-22 16:48:15,2026-05-22 16:48:15
5370,274,5,4,1,2026-05-22 16:48:15,2026-05-22 16:48:15
5371,274,6,5,1,2026-05-22 16:48:15,2026-05-22 16:48:15
5372,274,11,6,1,2026-05-22 16:48:15,2026-05-22 16:48:15
5373,274,21,7,1,2026-05-22 16:48:15,2026-05-22 16:48:15
5374,274,24,9,1,2026-05-22 16:48:15,2026-05-22 16:48:15
5375,274,25,10,1,2026-05-22 16:48:15,2026-05-22 16:48:15
5376,274,100,11,1,2026-05-22 16:48:15,2026-05-22 16:48:15
5377,274,77,12,1,2026-05-22 16:48:15,2026-05-22 16:48:15
5378,274,89,13,1,2026-05-22 16:48:15,2026-05-22 16:48:15
5379,274,118,14,1,2026-05-22 16:48:15,2026-05-22 16:48:15
5380,274,104,15,1,2026-05-22 16:48:15,2026-05-22 16:48:15
5381,274,109,16,1,2026-05-22 16:48:15,2026-05-22 16:48:15
5382,275,1,1,1,2026-05-22 11:58:43,2026-05-22 11:58:43
5383,275,2,2,1,2026-05-22 11:58:43,2026-05-22 11:58:43
5384,275,4,3,1,2026-05-22 11:58:43,2026-05-22 11:58:43
5385,275,5,4,1,2026-05-22 11:58:43,2026-05-22 11:58:43
5386,275,6,5,1,2026-05-22 11:58:43,2026-05-22 11:58:43
5387,275,8,6,1,2026-05-22 11:58:43,2026-05-22 11:58:43
5388,275,20,7,1,2026-05-22 11:58:43,2026-05-22 11:58:43
5389,275,24,9,1,2026-05-22 11:58:43,2026-05-22 11:58:43
5390,275,25,10,1,2026-05-22 11:58:43,2026-05-22 11:58:43
5391,275,77,12,1,2026-05-22 11:58:43,2026-05-22 11:58:43
5392,275,116,13,1,2026-05-22 11:58:43,2026-05-22 11:58:43
5393,275,103,14,1,2026-05-22 11:58:43,2026-05-22 11:58:43
5394,275,104,15,1,2026-05-22 11:58:43,2026-05-22 11:58:43
5395,278,1,1,1,2026-05-22 16:57:46,2026-05-22 16:57:46
5396,278,3,2,1,2026-05-22 16:57:46,2026-05-22 16:57:46
5397,278,4,3,1,2026-05-22 16:57:46,2026-05-22 16:57:46
5398,278,5,4,1,2026-05-22 16:57:46,2026-05-22 16:57:46
5399,278,6,5,1,2026-05-22 16:57:46,2026-05-22 16:57:46
5400,278,20,7,1,2026-05-22 16:57:46,2026-05-22 16:57:46
5401,278,24,9,1,2026-05-22 16:57:46,2026-05-22 16:57:46
5402,278,25,10,1,2026-05-22 16:57:46,2026-05-22 16:57:46
5403,278,113,11,1,2026-05-22 16:57:46,2026-05-22 16:57:46
5404,278,101,12,1,2026-05-22 16:57:46,2026-05-22 16:57:46
5405,278,78,13,1,2026-05-22 16:57:46,2026-05-22 16:57:46
5406,278,80,15,1,2026-05-22 16:57:46,2026-05-22 16:57:46
5407,278,97,16,1,2026-05-22 16:57:46,2026-05-22 16:57:46
5408,279,2,2,1,2026-05-22 14:54:26,2026-05-22 14:54:26
5409,279,4,3,1,2026-05-22 14:54:26,2026-05-22 14:54:26
5410,279,5,4,1,2026-05-22 14:54:26,2026-05-22 14:54:26
5411,279,6,5,1,2026-05-22 14:54:26,2026-05-22 14:54:26
5412,279,15,6,1,2026-05-22 14:54:26,2026-05-22 14:54:26
5413,279,21,7,1,2026-05-22 14:54:26,2026-05-22 14:54:26
5414,279,25,10,1,2026-05-22 14:54:26,2026-05-22 14:54:26
5415,279,113,11,1,2026-05-22 14:54:26,2026-05-22 14:54:26
5416,279,101,12,1,2026-05-22 14:54:26,2026-05-22 14:54:26
5417,279,116,13,1,2026-05-22 14:54:26,2026-05-22 14:54:26
5418,279,90,14,1,2026-05-22 14:54:26,2026-05-22 14:54:26
5419,279,91,15,1,2026-05-22 14:54:26,2026-05-22 14:54:26
5420,279,105,16,1,2026-05-22 14:54:26,2026-05-22 14:54:26
5421,280,1,1,1,2026-05-22 09:49:05,2026-05-22 09:49:05
5422,280,3,2,1,2026-05-22 09:49:05,2026-05-22 09:49:05
5423,280,4,3,1,2026-05-22 09:49:05,2026-05-22 09:49:05
5424,280,5,4,1,2026-05-22 09:49:05,2026-05-22 09:49:05
5425,280,6,5,1,2026-05-22 09:49:05,2026-05-22 09:49:05
5426,280,12,6,1,2026-05-22 09:49:05,2026-05-22 09:49:05
5427,280,21,7,1,2026-05-22 09:49:05,2026-05-22 09:49:05
5428,280,24,9,1,2026-05-22 09:49:05,2026-05-22 09:49:05
5429,280,25,10,1,2026-05-22 09:49:05,2026-05-22 09:49:05
5430,280,76,11,1,2026-05-22 09:49:05,2026-05-22 09:49:05
5431,280,88,12,1,2026-05-22 09:49:05,2026-05-22 09:49:05
5432,280,78,13,1,2026-05-22 09:49:05,2026-05-22 09:49:05
5433,280,90,14,1,2026-05-22 09:49:05,2026-05-22 09:49:05
5434,280,104,15,1,2026-05-22 09:49:05,2026-05-22 09:49:05
5435,285,1,1,1,2026-05-22 16:40:30,2026-05-22 16:40:30
5436,285,2,2,1,2026-05-22 16:40:30,2026-05-22 16:40:30
5437,285,4,3,1,2026-05-22 16:40:30,2026-05-22 16:40:30
5438,285,5,4,1,2026-05-22 16:40:30,2026-05-22 16:40:30
5439,285,6,5,1,2026-05-22 16:40:30,2026-05-22 16:40:30
5440,285,14,6,1,2026-05-22 16:40:30,2026-05-22 16:40:30
5441,285,21,7,1,2026-05-22 16:40:30,2026-05-22 16:40:30
5442,285,24,9,1,2026-05-22 16:40:30,2026-05-22 16:40:30
5443,285,25,10,1,2026-05-22 16:40:30,2026-05-22 16:40:30
5444,285,113,11,1,2026-05-22 16:40:30,2026-05-22 16:40:30
5445,285,101,12,1,2026-05-22 16:40:30,2026-05-22 16:40:30
5446,285,116,13,1,2026-05-22 16:40:30,2026-05-22 16:40:30
5447,285,90,14,1,2026-05-22 16:40:30,2026-05-22 16:40:30
5448,285,91,15,1,2026-05-22 16:40:30,2026-05-22 16:40:30
5449,285,108,16,1,2026-05-22 16:40:30,2026-05-22 16:40:30
5450,286,3,2,1,2026-05-22 15:40:44,2026-05-22 15:40:44
5451,286,4,3,1,2026-05-22 15:40:44,2026-05-22 15:40:44
5452,286,5,4,1,2026-05-22 15:40:44,2026-05-22 15:40:44
5453,286,6,5,1,2026-05-22 15:40:44,2026-05-22 15:40:44
5454,286,15,6,1,2026-05-22 15:40:44,2026-05-22 15:40:44
5455,286,20,7,1,2026-05-22 15:40:44,2026-05-22 15:40:44
5456,286,24,9,1,2026-05-22 15:40:44,2026-05-22 15:40:44
5457,286,25,10,1,2026-05-22 15:40:44,2026-05-22 15:40:44
5458,286,87,11,1,2026-05-22 15:40:44,2026-05-22 15:40:44
5459,286,88,12,1,2026-05-22 15:40:44,2026-05-22 15:40:44
5460,286,102,13,1,2026-05-22 15:40:44,2026-05-22 15:40:44
5461,286,79,14,1,2026-05-22 15:40:44,2026-05-22 15:40:44
5462,286,91,15,1,2026-05-22 15:40:44,2026-05-22 15:40:44
5463,286,95,16,1,2026-05-22 15:40:44,2026-05-22 15:40:44
5464,287,1,1,1,2026-05-22 15:13:40,2026-05-22 15:13:40
5465,287,2,2,1,2026-05-22 15:13:40,2026-05-22 15:13:40
5466,287,20,7,1,2026-05-22 15:13:40,2026-05-22 15:13:40
5467,287,24,9,1,2026-05-22 15:13:40,2026-05-22 15:13:40
5468,287,25,10,1,2026-05-22 15:13:40,2026-05-22 15:13:40
5469,287,87,11,1,2026-05-22 15:13:40,2026-05-22 15:13:40
5470,287,88,12,1,2026-05-22 15:13:40,2026-05-22 15:13:40
5471,287,104,15,1,2026-05-22 15:13:40,2026-05-22 15:13:40
5472,287,121,16,1,2026-05-22 15:13:40,2026-05-22 15:13:40
5473,288,1,1,1,2026-05-22 10:18:04,2026-05-22 10:18:04
5474,288,4,3,1,2026-05-22 10:18:04,2026-05-22 10:18:04
5475,288,5,4,1,2026-05-22 10:18:04,2026-05-22 10:18:04
5476,288,6,5,1,2026-05-22 10:18:04,2026-05-22 10:18:04
5477,288,19,6,1,2026-05-22 10:18:04,2026-05-22 10:18:04
5478,288,24,9,1,2026-05-22 10:18:04,2026-05-22 10:18:04
5479,288,25,10,1,2026-05-22 10:18:04,2026-05-22 10:18:04
5480,288,100,11,1,2026-05-22 10:18:04,2026-05-22 10:18:04
5481,288,102,13,1,2026-05-22 10:18:04,2026-05-22 10:18:04
5482,288,119,15,1,2026-05-22 10:18:04,2026-05-22 10:18:04
5483,289,1,1,1,2026-05-22 17:49:27,2026-05-22 17:49:27
5484,289,2,2,1,2026-05-22 17:49:27,2026-05-22 17:49:27
5485,289,4,3,1,2026-05-22 17:49:27,2026-05-22 17:49:27
5486,289,6,5,1,2026-05-22 17:49:27,2026-05-22 17:49:27
5487,289,16,6,1,2026-05-22 17:49:27,2026-05-22 17:49:27
5488,289,20,7,1,2026-05-22 17:49:27,2026-05-22 17:49:27
5489,289,24,9,1,2026-05-22 17:49:27,2026-05-22 17:49:27
5490,289,116,13,1,2026-05-22 17:49:27,2026-05-22 17:49:27
5491,289,103,14,1,2026-05-22 17:49:27,2026-05-22 17:49:27
5492,289,81,16,1,2026-05-22 17:49:27,2026-05-22 17:49:27
5493,290,1,1,1,2026-05-22 15:50:09,2026-05-22 15:50:09
5494,290,3,2,1,2026-05-22 15:50:09,2026-05-22 15:50:09
5495,290,4,3,1,2026-05-22 15:50:09,2026-05-22 15:50:09
5496,290,5,4,1,2026-05-22 15:50:09,2026-05-22 15:50:09
5497,290,6,5,1,2026-05-22 15:50:09,2026-05-22 15:50:09
5498,290,18,6,1,2026-05-22 15:50:09,2026-05-22 15:50:09
5499,290,21,7,1,2026-05-22 15:50:09,2026-05-22 15:50:09
5500,290,24,9,1,2026-05-22 15:50:09,2026-05-22 15:50:09
5501,290,25,10,1,2026-05-22 15:50:09,2026-05-22 15:50:09
5502,290,113,11,1,2026-05-22 15:50:09,2026-05-22 15:50:09
5503,290,88,12,1,2026-05-22 15:50:09,2026-05-22 15:50:09
5504,290,78,13,1,2026-05-22 15:50:09,2026-05-22 15:50:09
5505,290,90,14,1,2026-05-22 15:50:09,2026-05-22 15:50:09
5506,290,91,15,1,2026-05-22 15:50:09,2026-05-22 15:50:09
5507,290,107,16,1,2026-05-22 15:50:09,2026-05-22 15:50:09
5508,291,1,1,1,2026-05-22 10:00:32,2026-05-22 10:00:32
5509,291,3,2,1,2026-05-22 10:00:32,2026-05-22 10:00:32
5510,291,4,3,1,2026-05-22 10:00:32,2026-05-22 10:00:32
5511,291,5,4,1,2026-05-22 10:00:32,2026-05-22 10:00:32
5512,291,6,5,1,2026-05-22 10:00:32,2026-05-22 10:00:32
5513,291,11,6,1,2026-05-22 10:00:32,2026-05-22 10:00:32
5514,291,20,7,1,2026-05-22 10:00:32,2026-05-22 10:00:32
5515,291,24,9,1,2026-05-22 10:00:32,2026-05-22 10:00:32
5516,291,25,10,1,2026-05-22 10:00:32,2026-05-22 10:00:32
5517,291,113,11,1,2026-05-22 10:00:32,2026-05-22 10:00:32
5518,291,89,13,1,2026-05-22 10:00:32,2026-05-22 10:00:32
5519,291,103,14,1,2026-05-22 10:00:32,2026-05-22 10:00:32
5520,291,119,15,1,2026-05-22 10:00:32,2026-05-22 10:00:32
5521,291,107,16,1,2026-05-22 10:00:32,2026-05-22 10:00:32
5522,292,1,1,1,2026-05-22 17:04:22,2026-05-22 17:04:22
5523,292,2,2,1,2026-05-22 17:04:22,2026-05-22 17:04:22
5524,292,4,3,1,2026-05-22 17:04:22,2026-05-22 17:04:22
5525,292,5,4,1,2026-05-22 17:04:22,2026-05-22 17:04:22
5526,292,15,6,1,2026-05-22 17:04:22,2026-05-22 17:04:22
5527,292,24,9,1,2026-05-22 17:04:22,2026-05-22 17:04:22
5528,292,25,10,1,2026-05-22 17:04:22,2026-05-22 17:04:22
5529,292,89,13,1,2026-05-22 17:04:22,2026-05-22 17:04:22
5530,292,118,14,1,2026-05-22 17:04:22,2026-05-22 17:04:22
5531,292,119,15,1,2026-05-22 17:04:22,2026-05-22 17:04:22
5532,292,105,16,1,2026-05-22 17:04:22,2026-05-22 17:04:22
5533,294,3,2,1,2026-05-22 08:36:36,2026-05-22 08:36:36
5534,294,4,3,1,2026-05-22 08:36:36,2026-05-22 08:36:36
5535,294,5,4,1,2026-05-22 08:36:36,2026-05-22 08:36:36
5536,294,18,6,1,2026-05-22 08:36:36,2026-05-22 08:36:36
5537,294,20,7,1,2026-05-22 08:36:36,2026-05-22 08:36:36
5538,294,24,9,1,2026-05-22 08:36:36,2026-05-22 08:36:36
5539,294,25,10,1,2026-05-22 08:36:36,2026-05-22 08:36:36
5540,294,102,13,1,2026-05-22 08:36:36,2026-05-22 08:36:36
5541,294,90,14,1,2026-05-22 08:36:36,2026-05-22 08:36:36
5542,294,109,16,1,2026-05-22 08:36:36,2026-05-22 08:36:36
5543,296,1,1,1,2026-05-22 08:56:53,2026-05-22 08:56:53
5544,296,3,2,1,2026-05-22 08:56:53,2026-05-22 08:56:53
5545,296,4,3,1,2026-05-22 08:56:53,2026-05-22 08:56:53
5546,296,5,4,1,2026-05-22 08:56:53,2026-05-22 08:56:53
5547,296,6,5,1,2026-05-22 08:56:53,2026-05-22 08:56:53
5548,296,11,6,1,2026-05-22 08:56:53,2026-05-22 08:56:53
5549,296,20,7,1,2026-05-22 08:56:53,2026-05-22 08:56:53
5550,296,24,9,1,2026-05-22 08:56:53,2026-05-22 08:56:53
5551,296,25,10,1,2026-05-22 08:56:53,2026-05-22 08:56:53
5552,296,100,11,1,2026-05-22 08:56:53,2026-05-22 08:56:53
5553,296,77,12,1,2026-05-22 08:56:53,2026-05-22 08:56:53
5554,296,78,13,1,2026-05-22 08:56:53,2026-05-22 08:56:53
5555,296,103,14,1,2026-05-22 08:56:53,2026-05-22 08:56:53
5556,296,91,15,1,2026-05-22 08:56:53,2026-05-22 08:56:53
5557,296,128,16,1,2026-05-22 08:56:53,2026-05-22 08:56:53
5558,297,1,1,1,2026-05-22 09:57:18,2026-05-22 09:57:18
5559,297,5,4,1,2026-05-22 09:57:18,2026-05-22 09:57:18
5560,297,9,6,1,2026-05-22 09:57:18,2026-05-22 09:57:18
5561,297,24,9,1,2026-05-22 09:57:18,2026-05-22 09:57:18
5562,297,25,10,1,2026-05-22 09:57:18,2026-05-22 09:57:18
5563,297,113,11,1,2026-05-22 09:57:18,2026-05-22 09:57:18
5564,297,114,12,1,2026-05-22 09:57:18,2026-05-22 09:57:18
5565,297,103,14,1,2026-05-22 09:57:18,2026-05-22 09:57:18
5566,297,119,15,1,2026-05-22 09:57:18,2026-05-22 09:57:18
5567,297,97,16,1,2026-05-22 09:57:18,2026-05-22 09:57:18
5568,298,1,1,1,2026-05-22 11:23:50,2026-05-22 11:23:50
5569,298,3,2,1,2026-05-22 11:23:50,2026-05-22 11:23:50
5570,298,4,3,1,2026-05-22 11:23:50,2026-05-22 11:23:50
5571,298,5,4,1,2026-05-22 11:23:50,2026-05-22 11:23:50
5572,298,6,5,1,2026-05-22 11:23:50,2026-05-22 11:23:50
5573,298,9,6,1,2026-05-22 11:23:50,2026-05-22 11:23:50
5574,298,24,9,1,2026-05-22 11:23:50,2026-05-22 11:23:50
5575,298,25,10,1,2026-05-22 11:23:50,2026-05-22 11:23:50
5576,298,87,11,1,2026-05-22 11:23:50,2026-05-22 11:23:50
5577,298,101,12,1,2026-05-22 11:23:50,2026-05-22 11:23:50
5578,298,78,13,1,2026-05-22 11:23:50,2026-05-22 11:23:50
5579,298,119,15,1,2026-05-22 11:23:50,2026-05-22 11:23:50
5580,298,97,16,1,2026-05-22 11:23:50,2026-05-22 11:23:50
5581,299,1,1,1,2026-05-22 17:32:25,2026-05-22 17:32:25
5582,299,4,3,1,2026-05-22 17:32:25,2026-05-22 17:32:25
5583,299,5,4,1,2026-05-22 17:32:25,2026-05-22 17:32:25
5584,299,6,5,1,2026-05-22 17:32:25,2026-05-22 17:32:25
5585,299,11,6,1,2026-05-22 17:32:25,2026-05-22 17:32:25
5586,299,20,7,1,2026-05-22 17:32:25,2026-05-22 17:32:25
5587,299,24,9,1,2026-05-22 17:32:25,2026-05-22 17:32:25
5588,299,25,10,1,2026-05-22 17:32:25,2026-05-22 17:32:25
5589,299,76,11,1,2026-05-22 17:32:25,2026-05-22 17:32:25
5590,299,77,12,1,2026-05-22 17:32:25,2026-05-22 17:32:25
5591,299,116,13,1,2026-05-22 17:32:25,2026-05-22 17:32:25
5592,299,118,14,1,2026-05-22 17:32:25,2026-05-22 17:32:25
5593,299,104,15,1,2026-05-22 17:32:25,2026-05-22 17:32:25
5594,299,82,16,1,2026-05-22 17:32:25,2026-05-22 17:32:25
5595,300,1,1,1,2026-05-22 14:40:09,2026-05-22 14:40:09
5596,300,3,2,1,2026-05-22 14:40:09,2026-05-22 14:40:09
5597,300,5,4,1,2026-05-22 14:40:09,2026-05-22 14:40:09
5598,300,14,6,1,2026-05-22 14:40:09,2026-05-22 14:40:09
5599,300,20,7,1,2026-05-22 14:40:09,2026-05-22 14:40:09
5600,300,24,9,1,2026-05-22 14:40:09,2026-05-22 14:40:09
5601,300,76,11,1,2026-05-22 14:40:09,2026-05-22 14:40:09
5602,300,78,13,1,2026-05-22 14:40:09,2026-05-22 14:40:09
5603,300,103,14,1,2026-05-22 14:40:09,2026-05-22 14:40:09
5604,300,83,16,1,2026-05-22 14:40:09,2026-05-22 14:40:09
5605,301,3,2,1,2026-05-22 11:55:49,2026-05-22 11:55:49
5606,301,4,3,1,2026-05-22 11:55:49,2026-05-22 11:55:49
5607,301,5,4,1,2026-05-22 11:55:49,2026-05-22 11:55:49
5608,301,6,5,1,2026-05-22 11:55:49,2026-05-22 11:55:49
5609,301,15,6,1,2026-05-22 11:55:49,2026-05-22 11:55:49
5610,301,20,7,1,2026-05-22 11:55:49,2026-05-22 11:55:49
5611,301,25,10,1,2026-05-22 11:55:49,2026-05-22 11:55:49
5612,301,87,11,1,2026-05-22 11:55:49,2026-05-22 11:55:49
5613,301,114,12,1,2026-05-22 11:55:49,2026-05-22 11:55:49
5614,301,102,13,1,2026-05-22 11:55:49,2026-05-22 11:55:49
5615,301,90,14,1,2026-05-22 11:55:49,2026-05-22 11:55:49
5616,301,119,15,1,2026-05-22 11:55:49,2026-05-22 11:55:49
5617,301,109,16,1,2026-05-22 11:55:49,2026-05-22 11:55:49
5618,302,3,2,1,2026-05-22 13:44:13,2026-05-22 13:44:13
5619,302,4,3,1,2026-05-22 13:44:13,2026-05-22 13:44:13
5620,302,5,4,1,2026-05-22 13:44:13,2026-05-22 13:44:13
5621,302,6,5,1,2026-05-22 13:44:13,2026-05-22 13:44:13
5622,302,15,6,1,2026-05-22 13:44:13,2026-05-22 13:44:13
5623,302,20,7,1,2026-05-22 13:44:13,2026-05-22 13:44:13
5624,302,24,9,1,2026-05-22 13:44:13,2026-05-22 13:44:13
5625,302,100,11,1,2026-05-22 13:44:13,2026-05-22 13:44:13
5626,302,77,12,1,2026-05-22 13:44:13,2026-05-22 13:44:13
5627,302,89,13,1,2026-05-22 13:44:13,2026-05-22 13:44:13
5628,302,103,14,1,2026-05-22 13:44:13,2026-05-22 13:44:13
5629,302,80,15,1,2026-05-22 13:44:13,2026-05-22 13:44:13
5630,302,107,16,1,2026-05-22 13:44:13,2026-05-22 13:44:13
5631,304,1,1,1,2026-05-22 12:02:21,2026-05-22 12:02:21
5632,304,4,3,1,2026-05-22 12:02:21,2026-05-22 12:02:21
5633,304,6,5,1,2026-05-22 12:02:21,2026-05-22 12:02:21
5634,304,9,6,1,2026-05-22 12:02:21,2026-05-22 12:02:21
5635,304,21,7,1,2026-05-22 12:02:21,2026-05-22 12:02:21
5636,304,25,10,1,2026-05-22 12:02:21,2026-05-22 12:02:21
5637,304,87,11,1,2026-05-22 12:02:21,2026-05-22 12:02:21
5638,304,89,13,1,2026-05-22 12:02:21,2026-05-22 12:02:21
5639,304,103,14,1,2026-05-22 12:02:21,2026-05-22 12:02:21
5640,304,104,15,1,2026-05-22 12:02:21,2026-05-22 12:02:21
5641,305,1,1,1,2026-05-22 09:40:23,2026-05-22 09:40:23
5642,305,2,2,1,2026-05-22 09:40:23,2026-05-22 09:40:23
5643,305,4,3,1,2026-05-22 09:40:23,2026-05-22 09:40:23
5644,305,5,4,1,2026-05-22 09:40:23,2026-05-22 09:40:23
5645,305,6,5,1,2026-05-22 09:40:23,2026-05-22 09:40:23
5646,305,14,6,1,2026-05-22 09:40:23,2026-05-22 09:40:23
5647,305,21,7,1,2026-05-22 09:40:23,2026-05-22 09:40:23
5648,305,24,9,1,2026-05-22 09:40:23,2026-05-22 09:40:23
5649,305,25,10,1,2026-05-22 09:40:23,2026-05-22 09:40:23
5650,305,76,11,1,2026-05-22 09:40:23,2026-05-22 09:40:23
5651,305,89,13,1,2026-05-22 09:40:23,2026-05-22 09:40:23
5652,305,79,14,1,2026-05-22 09:40:23,2026-05-22 09:40:23
5653,305,119,15,1,2026-05-22 09:40:23,2026-05-22 09:40:23
5654,306,1,1,1,2026-05-22 08:59:07,2026-05-22 08:59:07
5655,306,2,2,1,2026-05-22 08:59:07,2026-05-22 08:59:07
5656,306,4,3,1,2026-05-22 08:59:07,2026-05-22 08:59:07
5657,306,5,4,1,2026-05-22 08:59:07,2026-05-22 08:59:07
5658,306,12,6,1,2026-05-22 08:59:07,2026-05-22 08:59:07
5659,306,24,9,1,2026-05-22 08:59:07,2026-05-22 08:59:07
5660,306,25,10,1,2026-05-22 08:59:07,2026-05-22 08:59:07
5661,306,87,11,1,2026-05-22 08:59:07,2026-05-22 08:59:07
5662,306,103,14,1,2026-05-22 08:59:07,2026-05-22 08:59:07
5663,306,80,15,1,2026-05-22 08:59:07,2026-05-22 08:59:07
5664,306,123,16,1,2026-05-22 08:59:07,2026-05-22 08:59:07
5665,318,2,2,1,2026-05-22 08:53:51,2026-05-22 08:53:51
5666,318,4,3,1,2026-05-22 08:53:51,2026-05-22 08:53:51
5667,318,5,4,1,2026-05-22 08:53:51,2026-05-22 08:53:51
5668,318,6,5,1,2026-05-22 08:53:51,2026-05-22 08:53:51
5669,318,12,6,1,2026-05-22 08:53:51,2026-05-22 08:53:51
5670,318,21,7,1,2026-05-22 08:53:51,2026-05-22 08:53:51
5671,318,25,10,1,2026-05-22 08:53:51,2026-05-22 08:53:51
5672,318,76,11,1,2026-05-22 08:53:51,2026-05-22 08:53:51
5673,318,77,12,1,2026-05-22 08:53:51,2026-05-22 08:53:51
5674,318,116,13,1,2026-05-22 08:53:51,2026-05-22 08:53:51
5675,318,118,14,1,2026-05-22 08:53:51,2026-05-22 08:53:51
5676,318,104,15,1,2026-05-22 08:53:51,2026-05-22 08:53:51
5677,318,109,16,1,2026-05-22 08:53:51,2026-05-22 08:53:51
5678,321,1,1,1,2026-05-22 11:28:03,2026-05-22 11:28:03
5679,321,2,2,1,2026-05-22 11:28:03,2026-05-22 11:28:03
5680,321,4,3,1,2026-05-22 11:28:03,2026-05-22 11:28:03
5681,321,5,4,1,2026-05-22 11:28:03,2026-05-22 11:28:03
5682,321,6,5,1,2026-05-22 11:28:03,2026-05-22 11:28:03
5683,321,8,6,1,2026-05-22 11:28:03,2026-05-22 11:28:03
5684,321,24,9,1,2026-05-22 11:28:03,2026-05-22 11:28:03
5685,321,76,11,1,2026-05-22 11:28:03,2026-05-22 11:28:03
5686,321,88,12,1,2026-05-22 11:28:03,2026-05-22 11:28:03
5687,321,90,14,1,2026-05-22 11:28:03,2026-05-22 11:28:03
5688,321,107,16,1,2026-05-22 11:28:03,2026-05-22 11:28:03
5689,325,1,1,1,2026-05-22 08:15:00,2026-05-22 08:15:00
5690,325,2,2,1,2026-05-22 08:15:00,2026-05-22 08:15:00
5691,325,6,5,1,2026-05-22 08:15:00,2026-05-22 08:15:00
5692,325,18,6,1,2026-05-22 08:15:00,2026-05-22 08:15:00
5693,325,24,9,1,2026-05-22 08:15:00,2026-05-22 08:15:00
5694,325,87,11,1,2026-05-22 08:15:00,2026-05-22 08:15:00
5695,325,77,12,1,2026-05-22 08:15:00,2026-05-22 08:15:00
5696,325,116,13,1,2026-05-22 08:15:00,2026-05-22 08:15:00
5697,325,79,14,1,2026-05-22 08:15:00,2026-05-22 08:15:00
5698,325,104,15,1,2026-05-22 08:15:00,2026-05-22 08:15:00
5699,325,95,16,1,2026-05-22 08:15:00,2026-05-22 08:15:00
5700,326,1,1,1,2026-05-22 09:05:39,2026-05-22 09:05:39
5701,326,4,3,1,2026-05-22 09:05:39,2026-05-22 09:05:39
5702,326,5,4,1,2026-05-22 09:05:39,2026-05-22 09:05:39
5703,326,6,5,1,2026-05-22 09:05:39,2026-05-22 09:05:39
5704,326,24,9,1,2026-05-22 09:05:39,2026-05-22 09:05:39
5705,326,25,10,1,2026-05-22 09:05:39,2026-05-22 09:05:39
5706,326,113,11,1,2026-05-22 09:05:39,2026-05-22 09:05:39
5707,326,78,13,1,2026-05-22 09:05:39,2026-05-22 09:05:39
5708,326,103,14,1,2026-05-22 09:05:39,2026-05-22 09:05:39
5709,326,119,15,1,2026-05-22 09:05:39,2026-05-22 09:05:39
5710,326,128,16,1,2026-05-22 09:05:39,2026-05-22 09:05:39
5711,329,1,1,1,2026-05-22 09:36:08,2026-05-22 09:36:08
5712,329,4,3,1,2026-05-22 09:36:08,2026-05-22 09:36:08
5713,329,5,4,1,2026-05-22 09:36:08,2026-05-22 09:36:08
5714,329,6,5,1,2026-05-22 09:36:08,2026-05-22 09:36:08
5715,329,24,9,1,2026-05-22 09:36:08,2026-05-22 09:36:08
5716,329,25,10,1,2026-05-22 09:36:08,2026-05-22 09:36:08
5717,329,101,12,1,2026-05-22 09:36:08,2026-05-22 09:36:08
5718,329,89,13,1,2026-05-22 09:36:08,2026-05-22 09:36:08
5719,329,104,15,1,2026-05-22 09:36:08,2026-05-22 09:36:08
5720,329,82,16,1,2026-05-22 09:36:08,2026-05-22 09:36:08
5721,332,1,1,1,2026-05-22 12:41:27,2026-05-22 12:41:27
5722,332,2,2,1,2026-05-22 12:41:27,2026-05-22 12:41:27
5723,332,4,3,1,2026-05-22 12:41:27,2026-05-22 12:41:27
5724,332,5,4,1,2026-05-22 12:41:27,2026-05-22 12:41:27
5725,332,6,5,1,2026-05-22 12:41:27,2026-05-22 12:41:27
5726,332,15,6,1,2026-05-22 12:41:27,2026-05-22 12:41:27
5727,332,24,9,1,2026-05-22 12:41:27,2026-05-22 12:41:27
5728,332,25,10,1,2026-05-22 12:41:27,2026-05-22 12:41:27
5729,332,113,11,1,2026-05-22 12:41:27,2026-05-22 12:41:27
5730,332,90,14,1,2026-05-22 12:41:27,2026-05-22 12:41:27
5731,332,91,15,1,2026-05-22 12:41:27,2026-05-22 12:41:27
5732,332,93,16,1,2026-05-22 12:41:27,2026-05-22 12:41:27
5733,333,1,1,1,2026-05-22 17:51:18,2026-05-22 17:51:18
5734,333,3,2,1,2026-05-22 17:51:18,2026-05-22 17:51:18
5735,333,4,3,1,2026-05-22 17:51:18,2026-05-22 17:51:18
5736,333,5,4,1,2026-05-22 17:51:18,2026-05-22 17:51:18
5737,333,6,5,1,2026-05-22 17:51:18,2026-05-22 17:51:18
5738,333,15,6,1,2026-05-22 17:51:18,2026-05-22 17:51:18
5739,333,21,7,1,2026-05-22 17:51:18,2026-05-22 17:51:18
5740,333,24,9,1,2026-05-22 17:51:18,2026-05-22 17:51:18
5741,333,25,10,1,2026-05-22 17:51:18,2026-05-22 17:51:18
5742,333,100,11,1,2026-05-22 17:51:18,2026-05-22 17:51:18
5743,333,89,13,1,2026-05-22 17:51:18,2026-05-22 17:51:18
5744,333,90,14,1,2026-05-22 17:51:18,2026-05-22 17:51:18
5745,333,80,15,1,2026-05-22 17:51:18,2026-05-22 17:51:18
5746,333,93,16,1,2026-05-22 17:51:18,2026-05-22 17:51:18
5747,336,2,2,1,2026-05-22 11:21:47,2026-05-22 11:21:47
5748,336,5,4,1,2026-05-22 11:21:47,2026-05-22 11:21:47
5749,336,6,5,1,2026-05-22 11:21:47,2026-05-22 11:21:47
5750,336,25,10,1,2026-05-22 11:21:47,2026-05-22 11:21:47
5751,336,87,11,1,2026-05-22 11:21:47,2026-05-22 11:21:47
5752,336,114,12,1,2026-05-22 11:21:47,2026-05-22 11:21:47
5753,336,103,14,1,2026-05-22 11:21:47,2026-05-22 11:21:47
5754,336,91,15,1,2026-05-22 11:21:47,2026-05-22 11:21:47
5755,336,110,16,1,2026-05-22 11:21:47,2026-05-22 11:21:47
5756,338,1,1,1,2026-05-22 16:56:47,2026-05-22 16:56:47
5757,338,2,2,1,2026-05-22 16:56:47,2026-05-22 16:56:47
5758,338,4,3,1,2026-05-22 16:56:47,2026-05-22 16:56:47
5759,338,5,4,1,2026-05-22 16:56:47,2026-05-22 16:56:47
5760,338,6,5,1,2026-05-22 16:56:47,2026-05-22 16:56:47
5761,338,16,6,1,2026-05-22 16:56:47,2026-05-22 16:56:47
5762,338,20,7,1,2026-05-22 16:56:47,2026-05-22 16:56:47
5763,338,24,9,1,2026-05-22 16:56:47,2026-05-22 16:56:47
5764,338,114,12,1,2026-05-22 16:56:47,2026-05-22 16:56:47
5765,338,78,13,1,2026-05-22 16:56:47,2026-05-22 16:56:47
5766,338,118,14,1,2026-05-22 16:56:47,2026-05-22 16:56:47
5767,338,108,16,1,2026-05-22 16:56:47,2026-05-22 16:56:47
5768,344,1,1,1,2026-05-22 15:10:31,2026-05-22 15:10:31
5769,344,2,2,1,2026-05-22 15:10:31,2026-05-22 15:10:31
5770,344,4,3,1,2026-05-22 15:10:31,2026-05-22 15:10:31
5771,344,5,4,1,2026-05-22 15:10:31,2026-05-22 15:10:31
5772,344,20,7,1,2026-05-22 15:10:31,2026-05-22 15:10:31
5773,344,24,9,1,2026-05-22 15:10:31,2026-05-22 15:10:31
5774,344,25,10,1,2026-05-22 15:10:31,2026-05-22 15:10:31
5775,344,113,11,1,2026-05-22 15:10:31,2026-05-22 15:10:31
5776,344,101,12,1,2026-05-22 15:10:31,2026-05-22 15:10:31
5777,344,102,13,1,2026-05-22 15:10:31,2026-05-22 15:10:31
5778,344,118,14,1,2026-05-22 15:10:31,2026-05-22 15:10:31
5779,344,91,15,1,2026-05-22 15:10:31,2026-05-22 15:10:31
5780,344,111,16,1,2026-05-22 15:10:31,2026-05-22 15:10:31
5781,345,1,1,1,2026-05-22 13:21:35,2026-05-22 13:21:35
5782,345,3,2,1,2026-05-22 13:21:35,2026-05-22 13:21:35
5783,345,4,3,1,2026-05-22 13:21:35,2026-05-22 13:21:35
5784,345,6,5,1,2026-05-22 13:21:35,2026-05-22 13:21:35
5785,345,16,6,1,2026-05-22 13:21:35,2026-05-22 13:21:35
5786,345,24,9,1,2026-05-22 13:21:35,2026-05-22 13:21:35
5787,345,25,10,1,2026-05-22 13:21:35,2026-05-22 13:21:35
5788,345,113,11,1,2026-05-22 13:21:35,2026-05-22 13:21:35
5789,345,88,12,1,2026-05-22 13:21:35,2026-05-22 13:21:35
5790,345,116,13,1,2026-05-22 13:21:35,2026-05-22 13:21:35
5791,345,79,14,1,2026-05-22 13:21:35,2026-05-22 13:21:35
5792,345,104,15,1,2026-05-22 13:21:35,2026-05-22 13:21:35
5793,345,108,16,1,2026-05-22 13:21:35,2026-05-22 13:21:35
5794,347,2,2,1,2026-05-22 10:59:07,2026-05-22 10:59:07
5795,347,4,3,1,2026-05-22 10:59:07,2026-05-22 10:59:07
5796,347,5,4,1,2026-05-22 10:59:07,2026-05-22 10:59:07
5797,347,6,5,1,2026-05-22 10:59:07,2026-05-22 10:59:07
5798,347,9,6,1,2026-05-22 10:59:07,2026-05-22 10:59:07
5799,347,20,7,1,2026-05-22 10:59:07,2026-05-22 10:59:07
5800,347,24,9,1,2026-05-22 10:59:07,2026-05-22 10:59:07
5801,347,25,10,1,2026-05-22 10:59:07,2026-05-22 10:59:07
5802,347,113,11,1,2026-05-22 10:59:07,2026-05-22 10:59:07
5803,347,101,12,1,2026-05-22 10:59:07,2026-05-22 10:59:07
5804,347,102,13,1,2026-05-22 10:59:07,2026-05-22 10:59:07
5805,347,118,14,1,2026-05-22 10:59:07,2026-05-22 10:59:07
5806,347,104,15,1,2026-05-22 10:59:07,2026-05-22 10:59:07
5807,347,95,16,1,2026-05-22 10:59:07,2026-05-22 10:59:07
5808,348,1,1,1,2026-05-22 10:08:24,2026-05-22 10:08:24
5809,348,5,4,1,2026-05-22 10:08:24,2026-05-22 10:08:24
5810,348,6,5,1,2026-05-22 10:08:24,2026-05-22 10:08:24
5811,348,24,9,1,2026-05-22 10:08:24,2026-05-22 10:08:24
5812,348,25,10,1,2026-05-22 10:08:24,2026-05-22 10:08:24
5813,348,113,11,1,2026-05-22 10:08:24,2026-05-22 10:08:24
5814,348,114,12,1,2026-05-22 10:08:24,2026-05-22 10:08:24
5815,348,78,13,1,2026-05-22 10:08:24,2026-05-22 10:08:24
5816,348,79,14,1,2026-05-22 10:08:24,2026-05-22 10:08:24
5817,348,91,15,1,2026-05-22 10:08:24,2026-05-22 10:08:24
5818,349,1,1,1,2026-05-22 17:57:50,2026-05-22 17:57:50
5819,349,4,3,1,2026-05-22 17:57:50,2026-05-22 17:57:50
5820,349,5,4,1,2026-05-22 17:57:50,2026-05-22 17:57:50
5821,349,14,6,1,2026-05-22 17:57:50,2026-05-22 17:57:50
5822,349,24,9,1,2026-05-22 17:57:50,2026-05-22 17:57:50
5823,349,25,10,1,2026-05-22 17:57:50,2026-05-22 17:57:50
5824,349,76,11,1,2026-05-22 17:57:50,2026-05-22 17:57:50
5825,349,114,12,1,2026-05-22 17:57:50,2026-05-22 17:57:50
5826,349,90,14,1,2026-05-22 17:57:50,2026-05-22 17:57:50
5827,349,91,15,1,2026-05-22 17:57:50,2026-05-22 17:57:50
5828,349,107,16,1,2026-05-22 17:57:50,2026-05-22 17:57:50
5829,354,1,1,1,2026-05-22 11:13:47,2026-05-22 11:13:47
5830,354,3,2,1,2026-05-22 11:13:47,2026-05-22 11:13:47
5831,354,5,4,1,2026-05-22 11:13:47,2026-05-22 11:13:47
5832,354,6,5,1,2026-05-22 11:13:47,2026-05-22 11:13:47
5833,354,12,6,1,2026-05-22 11:13:47,2026-05-22 11:13:47
5834,354,21,7,1,2026-05-22 11:13:47,2026-05-22 11:13:47
5835,354,24,9,1,2026-05-22 11:13:47,2026-05-22 11:13:47
5836,354,25,10,1,2026-05-22 11:13:47,2026-05-22 11:13:47
5837,354,87,11,1,2026-05-22 11:13:47,2026-05-22 11:13:47
5838,354,78,13,1,2026-05-22 11:13:47,2026-05-22 11:13:47
5839,354,79,14,1,2026-05-22 11:13:47,2026-05-22 11:13:47
5840,354,127,16,1,2026-05-22 11:13:47,2026-05-22 11:13:47
5841,355,4,3,1,2026-05-22 09:35:45,2026-05-22 09:35:45
5842,355,6,5,1,2026-05-22 09:35:45,2026-05-22 09:35:45
5843,355,18,6,1,2026-05-22 09:35:45,2026-05-22 09:35:45
5844,355,21,7,1,2026-05-22 09:35:45,2026-05-22 09:35:45
5845,355,24,9,1,2026-05-22 09:35:45,2026-05-22 09:35:45
5846,355,25,10,1,2026-05-22 09:35:45,2026-05-22 09:35:45
5847,355,87,11,1,2026-05-22 09:35:45,2026-05-22 09:35:45
5848,355,101,12,1,2026-05-22 09:35:45,2026-05-22 09:35:45
5849,355,89,13,1,2026-05-22 09:35:45,2026-05-22 09:35:45
5850,355,79,14,1,2026-05-22 09:35:45,2026-05-22 09:35:45
5851,355,80,15,1,2026-05-22 09:35:45,2026-05-22 09:35:45
5852,355,81,16,1,2026-05-22 09:35:45,2026-05-22 09:35:45
5853,357,1,1,1,2026-05-22 16:27:46,2026-05-22 16:27:46
5854,357,3,2,1,2026-05-22 16:27:46,2026-05-22 16:27:46
5855,357,4,3,1,2026-05-22 16:27:46,2026-05-22 16:27:46
5856,357,5,4,1,2026-05-22 16:27:46,2026-05-22 16:27:46
5857,357,6,5,1,2026-05-22 16:27:46,2026-05-22 16:27:46
5858,357,18,6,1,2026-05-22 16:27:46,2026-05-22 16:27:46
5859,357,21,7,1,2026-05-22 16:27:46,2026-05-22 16:27:46
5860,357,24,9,1,2026-05-22 16:27:46,2026-05-22 16:27:46
5861,357,25,10,1,2026-05-22 16:27:46,2026-05-22 16:27:46
5862,357,100,11,1,2026-05-22 16:27:46,2026-05-22 16:27:46
5863,357,101,12,1,2026-05-22 16:27:46,2026-05-22 16:27:46
5864,357,116,13,1,2026-05-22 16:27:46,2026-05-22 16:27:46
5865,357,79,14,1,2026-05-22 16:27:46,2026-05-22 16:27:46
5866,357,91,15,1,2026-05-22 16:27:46,2026-05-22 16:27:46
5867,358,1,1,1,2026-05-22 11:31:55,2026-05-22 11:31:55
5868,358,3,2,1,2026-05-22 11:31:55,2026-05-22 11:31:55
5869,358,4,3,1,2026-05-22 11:31:55,2026-05-22 11:31:55
5870,358,5,4,1,2026-05-22 11:31:55,2026-05-22 11:31:55
5871,358,18,6,1,2026-05-22 11:31:55,2026-05-22 11:31:55
5872,358,24,9,1,2026-05-22 11:31:55,2026-05-22 11:31:55
5873,358,101,12,1,2026-05-22 11:31:55,2026-05-22 11:31:55
5874,358,78,13,1,2026-05-22 11:31:55,2026-05-22 11:31:55
5875,358,90,14,1,2026-05-22 11:31:55,2026-05-22 11:31:55
5876,358,104,15,1,2026-05-22 11:31:55,2026-05-22 11:31:55
5877,358,109,16,1,2026-05-22 11:31:55,2026-05-22 11:31:55
5878,359,1,1,1,2026-05-22 09:12:19,2026-05-22 09:12:19
5879,359,3,2,1,2026-05-22 09:12:19,2026-05-22 09:12:19
5880,359,4,3,1,2026-05-22 09:12:19,2026-05-22 09:12:19
5881,359,6,5,1,2026-05-22 09:12:19,2026-05-22 09:12:19
5882,359,12,6,1,2026-05-22 09:12:19,2026-05-22 09:12:19
5883,359,21,7,1,2026-05-22 09:12:19,2026-05-22 09:12:19
5884,359,25,10,1,2026-05-22 09:12:19,2026-05-22 09:12:19
5885,359,114,12,1,2026-05-22 09:12:19,2026-05-22 09:12:19
5886,359,91,15,1,2026-05-22 09:12:19,2026-05-22 09:12:19
5887,359,109,16,1,2026-05-22 09:12:19,2026-05-22 09:12:19
5888,361,1,1,1,2026-05-22 16:13:36,2026-05-22 16:13:36
5889,361,2,2,1,2026-05-22 16:13:36,2026-05-22 16:13:36
5890,361,4,3,1,2026-05-22 16:13:36,2026-05-22 16:13:36
5891,361,5,4,1,2026-05-22 16:13:36,2026-05-22 16:13:36
5892,361,6,5,1,2026-05-22 16:13:36,2026-05-22 16:13:36
5893,361,14,6,1,2026-05-22 16:13:36,2026-05-22 16:13:36
5894,361,20,7,1,2026-05-22 16:13:36,2026-05-22 16:13:36
5895,361,24,9,1,2026-05-22 16:13:36,2026-05-22 16:13:36
5896,361,25,10,1,2026-05-22 16:13:36,2026-05-22 16:13:36
5897,361,87,11,1,2026-05-22 16:13:36,2026-05-22 16:13:36
5898,361,77,12,1,2026-05-22 16:13:36,2026-05-22 16:13:36
5899,361,116,13,1,2026-05-22 16:13:36,2026-05-22 16:13:36
5900,361,118,14,1,2026-05-22 16:13:36,2026-05-22 16:13:36
5901,361,80,15,1,2026-05-22 16:13:36,2026-05-22 16:13:36
5902,361,81,16,1,2026-05-22 16:13:36,2026-05-22 16:13:36
5903,362,1,1,1,2026-05-22 13:39:40,2026-05-22 13:39:40
5904,362,2,2,1,2026-05-22 13:39:40,2026-05-22 13:39:40
5905,362,6,5,1,2026-05-22 13:39:40,2026-05-22 13:39:40
5906,362,11,6,1,2026-05-22 13:39:40,2026-05-22 13:39:40
5907,362,24,9,1,2026-05-22 13:39:40,2026-05-22 13:39:40
5908,362,87,11,1,2026-05-22 13:39:40,2026-05-22 13:39:40
5909,362,88,12,1,2026-05-22 13:39:40,2026-05-22 13:39:40
5910,362,102,13,1,2026-05-22 13:39:40,2026-05-22 13:39:40
5911,362,104,15,1,2026-05-22 13:39:40,2026-05-22 13:39:40
5912,364,1,1,1,2026-05-22 17:41:23,2026-05-22 17:41:23
5913,364,2,2,1,2026-05-22 17:41:23,2026-05-22 17:41:23
5914,364,4,3,1,2026-05-22 17:41:23,2026-05-22 17:41:23
5915,364,6,5,1,2026-05-22 17:41:23,2026-05-22 17:41:23
5916,364,21,7,1,2026-05-22 17:41:23,2026-05-22 17:41:23
5917,364,24,9,1,2026-05-22 17:41:23,2026-05-22 17:41:23
5918,364,100,11,1,2026-05-22 17:41:23,2026-05-22 17:41:23
5919,364,88,12,1,2026-05-22 17:41:23,2026-05-22 17:41:23
5920,364,90,14,1,2026-05-22 17:41:23,2026-05-22 17:41:23
5921,364,80,15,1,2026-05-22 17:41:23,2026-05-22 17:41:23
5922,364,107,16,1,2026-05-22 17:41:23,2026-05-22 17:41:23
5923,366,1,1,1,2026-05-22 14:09:59,2026-05-22 14:09:59
5924,366,3,2,1,2026-05-22 14:09:59,2026-05-22 14:09:59
5925,366,4,3,1,2026-05-22 14:09:59,2026-05-22 14:09:59
5926,366,5,4,1,2026-05-22 14:09:59,2026-05-22 14:09:59
5927,366,6,5,1,2026-05-22 14:09:59,2026-05-22 14:09:59
5928,366,18,6,1,2026-05-22 14:09:59,2026-05-22 14:09:59
5929,366,20,7,1,2026-05-22 14:09:59,2026-05-22 14:09:59
5930,366,24,9,1,2026-05-22 14:09:59,2026-05-22 14:09:59
5931,366,87,11,1,2026-05-22 14:09:59,2026-05-22 14:09:59
5932,366,77,12,1,2026-05-22 14:09:59,2026-05-22 14:09:59
5933,366,116,13,1,2026-05-22 14:09:59,2026-05-22 14:09:59
5934,366,80,15,1,2026-05-22 14:09:59,2026-05-22 14:09:59
5935,366,121,16,1,2026-05-22 14:09:59,2026-05-22 14:09:59
5936,367,1,1,1,2026-05-22 13:39:01,2026-05-22 13:39:01
5937,367,3,2,1,2026-05-22 13:39:01,2026-05-22 13:39:01
5938,367,4,3,1,2026-05-22 13:39:01,2026-05-22 13:39:01
5939,367,5,4,1,2026-05-22 13:39:01,2026-05-22 13:39:01
5940,367,6,5,1,2026-05-22 13:39:01,2026-05-22 13:39:01
5941,367,8,6,1,2026-05-22 13:39:01,2026-05-22 13:39:01
5942,367,21,7,1,2026-05-22 13:39:01,2026-05-22 13:39:01
5943,367,24,9,1,2026-05-22 13:39:01,2026-05-22 13:39:01
5944,367,100,11,1,2026-05-22 13:39:01,2026-05-22 13:39:01
5945,367,114,12,1,2026-05-22 13:39:01,2026-05-22 13:39:01
5946,367,116,13,1,2026-05-22 13:39:01,2026-05-22 13:39:01
5947,367,90,14,1,2026-05-22 13:39:01,2026-05-22 13:39:01
5948,367,104,15,1,2026-05-22 13:39:01,2026-05-22 13:39:01
5949,367,109,16,1,2026-05-22 13:39:01,2026-05-22 13:39:01
5950,368,1,1,1,2026-05-22 10:19:08,2026-05-22 10:19:08
5951,368,2,2,1,2026-05-22 10:19:08,2026-05-22 10:19:08
5952,368,5,4,1,2026-05-22 10:19:08,2026-05-22 10:19:08
5953,368,6,5,1,2026-05-22 10:19:08,2026-05-22 10:19:08
5954,368,8,6,1,2026-05-22 10:19:08,2026-05-22 10:19:08
5955,368,21,7,1,2026-05-22 10:19:08,2026-05-22 10:19:08
5956,368,24,9,1,2026-05-22 10:19:08,2026-05-22 10:19:08
5957,368,25,10,1,2026-05-22 10:19:08,2026-05-22 10:19:08
5958,368,114,12,1,2026-05-22 10:19:08,2026-05-22 10:19:08
5959,368,102,13,1,2026-05-22 10:19:08,2026-05-22 10:19:08
5960,368,90,14,1,2026-05-22 10:19:08,2026-05-22 10:19:08
5961,368,91,15,1,2026-05-22 10:19:08,2026-05-22 10:19:08
5962,368,83,16,1,2026-05-22 10:19:08,2026-05-22 10:19:08
5963,369,3,2,1,2026-05-22 16:51:31,2026-05-22 16:51:31
5964,369,4,3,1,2026-05-22 16:51:31,2026-05-22 16:51:31
5965,369,19,6,1,2026-05-22 16:51:31,2026-05-22 16:51:31
5966,369,24,9,1,2026-05-22 16:51:31,2026-05-22 16:51:31
5967,369,25,10,1,2026-05-22 16:51:31,2026-05-22 16:51:31
5968,369,100,11,1,2026-05-22 16:51:31,2026-05-22 16:51:31
5969,369,114,12,1,2026-05-22 16:51:31,2026-05-22 16:51:31
5970,369,79,14,1,2026-05-22 16:51:31,2026-05-22 16:51:31
5971,369,83,16,1,2026-05-22 16:51:31,2026-05-22 16:51:31
5972,372,1,1,1,2026-05-22 11:57:41,2026-05-22 11:57:41
5973,372,3,2,1,2026-05-22 11:57:41,2026-05-22 11:57:41
5974,372,4,3,1,2026-05-22 11:57:41,2026-05-22 11:57:41
5975,372,5,4,1,2026-05-22 11:57:41,2026-05-22 11:57:41
5976,372,6,5,1,2026-05-22 11:57:41,2026-05-22 11:57:41
5977,372,19,6,1,2026-05-22 11:57:41,2026-05-22 11:57:41
5978,372,20,7,1,2026-05-22 11:57:41,2026-05-22 11:57:41
5979,372,24,9,1,2026-05-22 11:57:41,2026-05-22 11:57:41
5980,372,25,10,1,2026-05-22 11:57:41,2026-05-22 11:57:41
5981,372,100,11,1,2026-05-22 11:57:41,2026-05-22 11:57:41
5982,372,77,12,1,2026-05-22 11:57:41,2026-05-22 11:57:41
5983,372,102,13,1,2026-05-22 11:57:41,2026-05-22 11:57:41
5984,372,79,14,1,2026-05-22 11:57:41,2026-05-22 11:57:41
5985,372,80,15,1,2026-05-22 11:57:41,2026-05-22 11:57:41
5986,372,128,16,1,2026-05-22 11:57:41,2026-05-22 11:57:41
5987,376,1,1,1,2026-05-22 14:32:23,2026-05-22 14:32:23
5988,376,5,4,1,2026-05-22 14:32:23,2026-05-22 14:32:23
5989,376,6,5,1,2026-05-22 14:32:23,2026-05-22 14:32:23
5990,376,15,6,1,2026-05-22 14:32:23,2026-05-22 14:32:23
5991,376,20,7,1,2026-05-22 14:32:23,2026-05-22 14:32:23
5992,376,24,9,1,2026-05-22 14:32:23,2026-05-22 14:32:23
5993,376,113,11,1,2026-05-22 14:32:23,2026-05-22 14:32:23
5994,376,88,12,1,2026-05-22 14:32:23,2026-05-22 14:32:23
5995,376,91,15,1,2026-05-22 14:32:23,2026-05-22 14:32:23
5996,378,1,1,1,2026-05-22 15:00:04,2026-05-22 15:00:04
5997,378,2,2,1,2026-05-22 15:00:04,2026-05-22 15:00:04
5998,378,4,3,1,2026-05-22 15:00:04,2026-05-22 15:00:04
5999,378,5,4,1,2026-05-22 15:00:04,2026-05-22 15:00:04
6000,378,6,5,1,2026-05-22 15:00:04,2026-05-22 15:00:04
6001,378,19,6,1,2026-05-22 15:00:04,2026-05-22 15:00:04
6002,378,21,7,1,2026-05-22 15:00:04,2026-05-22 15:00:04
6003,378,24,9,1,2026-05-22 15:00:04,2026-05-22 15:00:04
6004,378,25,10,1,2026-05-22 15:00:04,2026-05-22 15:00:04
6005,378,113,11,1,2026-05-22 15:00:04,2026-05-22 15:00:04
6006,378,114,12,1,2026-05-22 15:00:04,2026-05-22 15:00:04
6007,378,116,13,1,2026-05-22 15:00:04,2026-05-22 15:00:04
6008,378,103,14,1,2026-05-22 15:00:04,2026-05-22 15:00:04
6009,378,91,15,1,2026-05-22 15:00:04,2026-05-22 15:00:04
6010,378,95,16,1,2026-05-22 15:00:04,2026-05-22 15:00:04
6011,380,1,1,1,2026-05-22 15:43:57,2026-05-22 15:43:57
6012,380,4,3,1,2026-05-22 15:43:57,2026-05-22 15:43:57
6013,380,5,4,1,2026-05-22 15:43:57,2026-05-22 15:43:57
6014,380,6,5,1,2026-05-22 15:43:57,2026-05-22 15:43:57
6015,380,20,7,1,2026-05-22 15:43:57,2026-05-22 15:43:57
6016,380,24,9,1,2026-05-22 15:43:57,2026-05-22 15:43:57
6017,380,25,10,1,2026-05-22 15:43:57,2026-05-22 15:43:57
6018,380,113,11,1,2026-05-22 15:43:57,2026-05-22 15:43:57
6019,380,77,12,1,2026-05-22 15:43:57,2026-05-22 15:43:57
6020,380,78,13,1,2026-05-22 15:43:57,2026-05-22 15:43:57
6021,380,90,14,1,2026-05-22 15:43:57,2026-05-22 15:43:57
6022,380,119,15,1,2026-05-22 15:43:57,2026-05-22 15:43:57
6023,380,83,16,1,2026-05-22 15:43:57,2026-05-22 15:43:57
6024,381,1,1,1,2026-05-22 17:48:56,2026-05-22 17:48:56
6025,381,2,2,1,2026-05-22 17:48:56,2026-05-22 17:48:56
6026,381,4,3,1,2026-05-22 17:48:56,2026-05-22 17:48:56
6027,381,5,4,1,2026-05-22 17:48:56,2026-05-22 17:48:56
6028,381,6,5,1,2026-05-22 17:48:56,2026-05-22 17:48:56
6029,381,7,6,1,2026-05-22 17:48:56,2026-05-22 17:48:56
6030,381,21,7,1,2026-05-22 17:48:56,2026-05-22 17:48:56
6031,381,24,9,1,2026-05-22 17:48:56,2026-05-22 17:48:56
6032,381,25,10,1,2026-05-22 17:48:56,2026-05-22 17:48:56
6033,381,100,11,1,2026-05-22 17:48:56,2026-05-22 17:48:56
6034,381,77,12,1,2026-05-22 17:48:56,2026-05-22 17:48:56
6035,381,102,13,1,2026-05-22 17:48:56,2026-05-22 17:48:56
6036,381,118,14,1,2026-05-22 17:48:56,2026-05-22 17:48:56
6037,381,80,15,1,2026-05-22 17:48:56,2026-05-22 17:48:56
6038,381,93,16,1,2026-05-22 17:48:56,2026-05-22 17:48:56
6039,382,4,3,1,2026-05-22 17:12:14,2026-05-22 17:12:14
6040,382,6,5,1,2026-05-22 17:12:14,2026-05-22 17:12:14
6041,382,20,7,1,2026-05-22 17:12:14,2026-05-22 17:12:14
6042,382,25,10,1,2026-05-22 17:12:14,2026-05-22 17:12:14
6043,382,87,11,1,2026-05-22 17:12:14,2026-05-22 17:12:14
6044,382,116,13,1,2026-05-22 17:12:14,2026-05-22 17:12:14
6045,382,103,14,1,2026-05-22 17:12:14,2026-05-22 17:12:14
6046,382,91,15,1,2026-05-22 17:12:14,2026-05-22 17:12:14
6047,382,106,16,1,2026-05-22 17:12:14,2026-05-22 17:12:14
6048,383,1,1,1,2026-05-22 12:17:59,2026-05-22 12:17:59
6049,383,3,2,1,2026-05-22 12:17:59,2026-05-22 12:17:59
6050,383,4,3,1,2026-05-22 12:17:59,2026-05-22 12:17:59
6051,383,5,4,1,2026-05-22 12:17:59,2026-05-22 12:17:59
6052,383,6,5,1,2026-05-22 12:17:59,2026-05-22 12:17:59
6053,383,7,6,1,2026-05-22 12:17:59,2026-05-22 12:17:59
6054,383,21,7,1,2026-05-22 12:17:59,2026-05-22 12:17:59
6055,383,25,10,1,2026-05-22 12:17:59,2026-05-22 12:17:59
6056,383,77,12,1,2026-05-22 12:17:59,2026-05-22 12:17:59
6057,383,90,14,1,2026-05-22 12:17:59,2026-05-22 12:17:59
6058,383,119,15,1,2026-05-22 12:17:59,2026-05-22 12:17:59
6059,383,110,16,1,2026-05-22 12:17:59,2026-05-22 12:17:59
6060,385,3,2,1,2026-05-22 16:40:10,2026-05-22 16:40:10
6061,385,4,3,1,2026-05-22 16:40:10,2026-05-22 16:40:10
6062,385,5,4,1,2026-05-22 16:40:10,2026-05-22 16:40:10
6063,385,6,5,1,2026-05-22 16:40:10,2026-05-22 16:40:10
6064,385,21,7,1,2026-05-22 16:40:10,2026-05-22 16:40:10
6065,385,24,9,1,2026-05-22 16:40:10,2026-05-22 16:40:10
6066,385,25,10,1,2026-05-22 16:40:10,2026-05-22 16:40:10
6067,385,76,11,1,2026-05-22 16:40:10,2026-05-22 16:40:10
6068,385,102,13,1,2026-05-22 16:40:10,2026-05-22 16:40:10
6069,385,118,14,1,2026-05-22 16:40:10,2026-05-22 16:40:10
6070,385,106,16,1,2026-05-22 16:40:10,2026-05-22 16:40:10
6071,386,2,2,1,2026-05-22 14:05:52,2026-05-22 14:05:52
6072,386,6,5,1,2026-05-22 14:05:52,2026-05-22 14:05:52
6073,386,9,6,1,2026-05-22 14:05:52,2026-05-22 14:05:52
6074,386,21,7,1,2026-05-22 14:05:52,2026-05-22 14:05:52
6075,386,24,9,1,2026-05-22 14:05:52,2026-05-22 14:05:52
6076,386,25,10,1,2026-05-22 14:05:52,2026-05-22 14:05:52
6077,386,76,11,1,2026-05-22 14:05:52,2026-05-22 14:05:52
6078,386,77,12,1,2026-05-22 14:05:52,2026-05-22 14:05:52
6079,386,118,14,1,2026-05-22 14:05:52,2026-05-22 14:05:52
6080,386,80,15,1,2026-05-22 14:05:52,2026-05-22 14:05:52
6081,386,127,16,1,2026-05-22 14:05:52,2026-05-22 14:05:52
6082,391,1,1,1,2026-05-22 09:53:29,2026-05-22 09:53:29
6083,391,4,3,1,2026-05-22 09:53:29,2026-05-22 09:53:29
6084,391,5,4,1,2026-05-22 09:53:29,2026-05-22 09:53:29
6085,391,6,5,1,2026-05-22 09:53:29,2026-05-22 09:53:29
6086,391,15,6,1,2026-05-22 09:53:29,2026-05-22 09:53:29
6087,391,20,7,1,2026-05-22 09:53:29,2026-05-22 09:53:29
6088,391,24,9,1,2026-05-22 09:53:29,2026-05-22 09:53:29
6089,391,25,10,1,2026-05-22 09:53:29,2026-05-22 09:53:29
6090,391,100,11,1,2026-05-22 09:53:29,2026-05-22 09:53:29
6091,391,101,12,1,2026-05-22 09:53:29,2026-05-22 09:53:29
6092,391,116,13,1,2026-05-22 09:53:29,2026-05-22 09:53:29
6093,391,79,14,1,2026-05-22 09:53:29,2026-05-22 09:53:29
6094,391,119,15,1,2026-05-22 09:53:29,2026-05-22 09:53:29
6095,391,106,16,1,2026-05-22 09:53:29,2026-05-22 09:53:29
6096,392,1,1,1,2026-05-22 15:46:22,2026-05-22 15:46:22
6097,392,3,2,1,2026-05-22 15:46:22,2026-05-22 15:46:22
6098,392,4,3,1,2026-05-22 15:46:22,2026-05-22 15:46:22
6099,392,5,4,1,2026-05-22 15:46:22,2026-05-22 15:46:22
6100,392,6,5,1,2026-05-22 15:46:22,2026-05-22 15:46:22
6101,392,16,6,1,2026-05-22 15:46:22,2026-05-22 15:46:22
6102,392,20,7,1,2026-05-22 15:46:22,2026-05-22 15:46:22
6103,392,24,9,1,2026-05-22 15:46:22,2026-05-22 15:46:22
6104,392,25,10,1,2026-05-22 15:46:22,2026-05-22 15:46:22
6105,392,114,12,1,2026-05-22 15:46:22,2026-05-22 15:46:22
6106,392,78,13,1,2026-05-22 15:46:22,2026-05-22 15:46:22
6107,392,90,14,1,2026-05-22 15:46:22,2026-05-22 15:46:22
6108,392,119,15,1,2026-05-22 15:46:22,2026-05-22 15:46:22
6109,392,97,16,1,2026-05-22 15:46:22,2026-05-22 15:46:22
6110,393,1,1,1,2026-05-22 09:56:03,2026-05-22 09:56:03
6111,393,3,2,1,2026-05-22 09:56:03,2026-05-22 09:56:03
6112,393,5,4,1,2026-05-22 09:56:03,2026-05-22 09:56:03
6113,393,6,5,1,2026-05-22 09:56:03,2026-05-22 09:56:03
6114,393,21,7,1,2026-05-22 09:56:03,2026-05-22 09:56:03
6115,393,24,9,1,2026-05-22 09:56:03,2026-05-22 09:56:03
6116,393,76,11,1,2026-05-22 09:56:03,2026-05-22 09:56:03
6117,393,114,12,1,2026-05-22 09:56:03,2026-05-22 09:56:03
6118,393,116,13,1,2026-05-22 09:56:03,2026-05-22 09:56:03
6119,393,118,14,1,2026-05-22 09:56:03,2026-05-22 09:56:03
6120,393,119,15,1,2026-05-22 09:56:03,2026-05-22 09:56:03
6121,393,83,16,1,2026-05-22 09:56:03,2026-05-22 09:56:03
6122,395,1,1,1,2026-05-22 17:49:57,2026-05-22 17:49:57
6123,395,3,2,1,2026-05-22 17:49:57,2026-05-22 17:49:57
6124,395,4,3,1,2026-05-22 17:49:57,2026-05-22 17:49:57
6125,395,8,6,1,2026-05-22 17:49:57,2026-05-22 17:49:57
6126,395,21,7,1,2026-05-22 17:49:57,2026-05-22 17:49:57
6127,395,24,9,1,2026-05-22 17:49:57,2026-05-22 17:49:57
6128,395,25,10,1,2026-05-22 17:49:57,2026-05-22 17:49:57
6129,395,113,11,1,2026-05-22 17:49:57,2026-05-22 17:49:57
6130,395,102,13,1,2026-05-22 17:49:57,2026-05-22 17:49:57
6131,395,90,14,1,2026-05-22 17:49:57,2026-05-22 17:49:57
6132,396,1,1,1,2026-05-22 11:12:54,2026-05-22 11:12:54
6133,396,2,2,1,2026-05-22 11:12:54,2026-05-22 11:12:54
6134,396,5,4,1,2026-05-22 11:12:54,2026-05-22 11:12:54
6135,396,6,5,1,2026-05-22 11:12:54,2026-05-22 11:12:54
6136,396,16,6,1,2026-05-22 11:12:54,2026-05-22 11:12:54
6137,396,21,7,1,2026-05-22 11:12:54,2026-05-22 11:12:54
6138,396,24,9,1,2026-05-22 11:12:54,2026-05-22 11:12:54
6139,396,25,10,1,2026-05-22 11:12:54,2026-05-22 11:12:54
6140,396,113,11,1,2026-05-22 11:12:54,2026-05-22 11:12:54
6141,396,114,12,1,2026-05-22 11:12:54,2026-05-22 11:12:54
6142,396,78,13,1,2026-05-22 11:12:54,2026-05-22 11:12:54
6143,396,80,15,1,2026-05-22 11:12:54,2026-05-22 11:12:54
6144,396,108,16,1,2026-05-22 11:12:54,2026-05-22 11:12:54
6145,397,1,1,1,2026-05-22 09:01:13,2026-05-22 09:01:13
6146,397,2,2,1,2026-05-22 09:01:13,2026-05-22 09:01:13
6147,397,5,4,1,2026-05-22 09:01:13,2026-05-22 09:01:13
6148,397,6,5,1,2026-05-22 09:01:13,2026-05-22 09:01:13
6149,397,16,6,1,2026-05-22 09:01:13,2026-05-22 09:01:13
6150,397,20,7,1,2026-05-22 09:01:13,2026-05-22 09:01:13
6151,397,24,9,1,2026-05-22 09:01:13,2026-05-22 09:01:13
6152,397,25,10,1,2026-05-22 09:01:13,2026-05-22 09:01:13
6153,397,88,12,1,2026-05-22 09:01:13,2026-05-22 09:01:13
6154,397,89,13,1,2026-05-22 09:01:13,2026-05-22 09:01:13
6155,397,79,14,1,2026-05-22 09:01:13,2026-05-22 09:01:13
6156,399,1,1,1,2026-05-22 11:08:08,2026-05-22 11:08:08
6157,399,2,2,1,2026-05-22 11:08:08,2026-05-22 11:08:08
6158,399,4,3,1,2026-05-22 11:08:08,2026-05-22 11:08:08
6159,399,5,4,1,2026-05-22 11:08:08,2026-05-22 11:08:08
6160,399,6,5,1,2026-05-22 11:08:08,2026-05-22 11:08:08
6161,399,14,6,1,2026-05-22 11:08:08,2026-05-22 11:08:08
6162,399,20,7,1,2026-05-22 11:08:08,2026-05-22 11:08:08
6163,399,24,9,1,2026-05-22 11:08:08,2026-05-22 11:08:08
6164,399,25,10,1,2026-05-22 11:08:08,2026-05-22 11:08:08
6165,399,87,11,1,2026-05-22 11:08:08,2026-05-22 11:08:08
6166,399,78,13,1,2026-05-22 11:08:08,2026-05-22 11:08:08
6167,399,90,14,1,2026-05-22 11:08:08,2026-05-22 11:08:08
6168,399,104,15,1,2026-05-22 11:08:08,2026-05-22 11:08:08
6169,399,83,16,1,2026-05-22 11:08:08,2026-05-22 11:08:08
6170,402,1,1,1,2026-05-22 10:11:53,2026-05-22 10:11:53
6171,402,2,2,1,2026-05-22 10:11:53,2026-05-22 10:11:53
6172,402,4,3,1,2026-05-22 10:11:53,2026-05-22 10:11:53
6173,402,6,5,1,2026-05-22 10:11:53,2026-05-22 10:11:53
6174,402,7,6,1,2026-05-22 10:11:53,2026-05-22 10:11:53
6175,402,21,7,1,2026-05-22 10:11:53,2026-05-22 10:11:53
6176,402,24,9,1,2026-05-22 10:11:53,2026-05-22 10:11:53
6177,402,25,10,1,2026-05-22 10:11:53,2026-05-22 10:11:53
6178,402,78,13,1,2026-05-22 10:11:53,2026-05-22 10:11:53
6179,402,90,14,1,2026-05-22 10:11:53,2026-05-22 10:11:53
6180,402,83,16,1,2026-05-22 10:11:53,2026-05-22 10:11:53
6181,403,2,2,1,2026-05-22 13:09:54,2026-05-22 13:09:54
6182,403,4,3,1,2026-05-22 13:09:54,2026-05-22 13:09:54
6183,403,5,4,1,2026-05-22 13:09:54,2026-05-22 13:09:54
6184,403,6,5,1,2026-05-22 13:09:54,2026-05-22 13:09:54
6185,403,19,6,1,2026-05-22 13:09:54,2026-05-22 13:09:54
6186,403,24,9,1,2026-05-22 13:09:54,2026-05-22 13:09:54
6187,403,100,11,1,2026-05-22 13:09:54,2026-05-22 13:09:54
6188,403,101,12,1,2026-05-22 13:09:54,2026-05-22 13:09:54
6189,403,116,13,1,2026-05-22 13:09:54,2026-05-22 13:09:54
6190,403,79,14,1,2026-05-22 13:09:54,2026-05-22 13:09:54
6191,403,91,15,1,2026-05-22 13:09:54,2026-05-22 13:09:54
6192,403,97,16,1,2026-05-22 13:09:54,2026-05-22 13:09:54
6193,405,1,1,1,2026-05-22 10:08:20,2026-05-22 10:08:20
6194,405,3,2,1,2026-05-22 10:08:20,2026-05-22 10:08:20
6195,405,4,3,1,2026-05-22 10:08:20,2026-05-22 10:08:20
6196,405,5,4,1,2026-05-22 10:08:20,2026-05-22 10:08:20
6197,405,7,6,1,2026-05-22 10:08:20,2026-05-22 10:08:20
6198,405,24,9,1,2026-05-22 10:08:20,2026-05-22 10:08:20
6199,405,25,10,1,2026-05-22 10:08:20,2026-05-22 10:08:20
6200,405,100,11,1,2026-05-22 10:08:20,2026-05-22 10:08:20
6201,405,88,12,1,2026-05-22 10:08:20,2026-05-22 10:08:20
6202,405,116,13,1,2026-05-22 10:08:20,2026-05-22 10:08:20
6203,405,103,14,1,2026-05-22 10:08:20,2026-05-22 10:08:20
6204,405,104,15,1,2026-05-22 10:08:20,2026-05-22 10:08:20
6205,405,121,16,1,2026-05-22 10:08:20,2026-05-22 10:08:20
6206,406,1,1,1,2026-05-22 08:47:18,2026-05-22 08:47:18
6207,406,3,2,1,2026-05-22 08:47:18,2026-05-22 08:47:18
6208,406,4,3,1,2026-05-22 08:47:18,2026-05-22 08:47:18
6209,406,24,9,1,2026-05-22 08:47:18,2026-05-22 08:47:18
6210,406,25,10,1,2026-05-22 08:47:18,2026-05-22 08:47:18
6211,406,100,11,1,2026-05-22 08:47:18,2026-05-22 08:47:18
6212,406,89,13,1,2026-05-22 08:47:18,2026-05-22 08:47:18
6213,406,80,15,1,2026-05-22 08:47:18,2026-05-22 08:47:18
6214,406,108,16,1,2026-05-22 08:47:18,2026-05-22 08:47:18
6215,407,3,2,1,2026-05-22 12:08:47,2026-05-22 12:08:47
6216,407,5,4,1,2026-05-22 12:08:47,2026-05-22 12:08:47
6217,407,6,5,1,2026-05-22 12:08:47,2026-05-22 12:08:47
6218,407,20,7,1,2026-05-22 12:08:47,2026-05-22 12:08:47
6219,407,24,9,1,2026-05-22 12:08:47,2026-05-22 12:08:47
6220,407,116,13,1,2026-05-22 12:08:47,2026-05-22 12:08:47
6221,407,90,14,1,2026-05-22 12:08:47,2026-05-22 12:08:47
6222,407,119,15,1,2026-05-22 12:08:47,2026-05-22 12:08:47
6223,407,109,16,1,2026-05-22 12:08:47,2026-05-22 12:08:47
6224,408,1,1,1,2026-05-22 10:28:59,2026-05-22 10:28:59
6225,408,4,3,1,2026-05-22 10:28:59,2026-05-22 10:28:59
6226,408,5,4,1,2026-05-22 10:28:59,2026-05-22 10:28:59
6227,408,6,5,1,2026-05-22 10:28:59,2026-05-22 10:28:59
6228,408,16,6,1,2026-05-22 10:28:59,2026-05-22 10:28:59
6229,408,21,7,1,2026-05-22 10:28:59,2026-05-22 10:28:59
6230,408,25,10,1,2026-05-22 10:28:59,2026-05-22 10:28:59
6231,408,101,12,1,2026-05-22 10:28:59,2026-05-22 10:28:59
6232,408,89,13,1,2026-05-22 10:28:59,2026-05-22 10:28:59
6233,408,103,14,1,2026-05-22 10:28:59,2026-05-22 10:28:59
6234,408,91,15,1,2026-05-22 10:28:59,2026-05-22 10:28:59
6235,408,95,16,1,2026-05-22 10:28:59,2026-05-22 10:28:59
6236,410,4,3,1,2026-05-22 12:10:53,2026-05-22 12:10:53
6237,410,5,4,1,2026-05-22 12:10:53,2026-05-22 12:10:53
6238,410,20,7,1,2026-05-22 12:10:53,2026-05-22 12:10:53
6239,410,24,9,1,2026-05-22 12:10:53,2026-05-22 12:10:53
6240,410,25,10,1,2026-05-22 12:10:53,2026-05-22 12:10:53
6241,410,113,11,1,2026-05-22 12:10:53,2026-05-22 12:10:53
6242,410,89,13,1,2026-05-22 12:10:53,2026-05-22 12:10:53
6243,410,90,14,1,2026-05-22 12:10:53,2026-05-22 12:10:53
6244,410,80,15,1,2026-05-22 12:10:53,2026-05-22 12:10:53
6245,413,1,1,1,2026-05-22 15:36:19,2026-05-22 15:36:19
6246,413,5,4,1,2026-05-22 15:36:19,2026-05-22 15:36:19
6247,413,21,7,1,2026-05-22 15:36:19,2026-05-22 15:36:19
6248,413,24,9,1,2026-05-22 15:36:19,2026-05-22 15:36:19
6249,413,25,10,1,2026-05-22 15:36:19,2026-05-22 15:36:19
6250,413,76,11,1,2026-05-22 15:36:19,2026-05-22 15:36:19
6251,413,116,13,1,2026-05-22 15:36:19,2026-05-22 15:36:19
6252,413,90,14,1,2026-05-22 15:36:19,2026-05-22 15:36:19
6253,413,93,16,1,2026-05-22 15:36:19,2026-05-22 15:36:19
6254,415,1,1,1,2026-05-22 14:31:28,2026-05-22 14:31:28
6255,415,3,2,1,2026-05-22 14:31:28,2026-05-22 14:31:28
6256,415,4,3,1,2026-05-22 14:31:28,2026-05-22 14:31:28
6257,415,5,4,1,2026-05-22 14:31:28,2026-05-22 14:31:28
6258,415,6,5,1,2026-05-22 14:31:28,2026-05-22 14:31:28
6259,415,9,6,1,2026-05-22 14:31:28,2026-05-22 14:31:28
6260,415,21,7,1,2026-05-22 14:31:28,2026-05-22 14:31:28
6261,415,24,9,1,2026-05-22 14:31:28,2026-05-22 14:31:28
6262,415,76,11,1,2026-05-22 14:31:28,2026-05-22 14:31:28
6263,415,77,12,1,2026-05-22 14:31:28,2026-05-22 14:31:28
6264,415,119,15,1,2026-05-22 14:31:28,2026-05-22 14:31:28
6265,416,1,1,1,2026-05-22 14:03:37,2026-05-22 14:03:37
6266,416,3,2,1,2026-05-22 14:03:37,2026-05-22 14:03:37
6267,416,4,3,1,2026-05-22 14:03:37,2026-05-22 14:03:37
6268,416,5,4,1,2026-05-22 14:03:37,2026-05-22 14:03:37
6269,416,6,5,1,2026-05-22 14:03:37,2026-05-22 14:03:37
6270,416,14,6,1,2026-05-22 14:03:37,2026-05-22 14:03:37
6271,416,21,7,1,2026-05-22 14:03:37,2026-05-22 14:03:37
6272,416,25,10,1,2026-05-22 14:03:37,2026-05-22 14:03:37
6273,416,76,11,1,2026-05-22 14:03:37,2026-05-22 14:03:37
6274,416,89,13,1,2026-05-22 14:03:37,2026-05-22 14:03:37
6275,416,90,14,1,2026-05-22 14:03:37,2026-05-22 14:03:37
6276,416,104,15,1,2026-05-22 14:03:37,2026-05-22 14:03:37
6277,416,105,16,1,2026-05-22 14:03:37,2026-05-22 14:03:37
6278,420,4,3,1,2026-05-22 17:49:25,2026-05-22 17:49:25
6279,420,5,4,1,2026-05-22 17:49:25,2026-05-22 17:49:25
6280,420,7,6,1,2026-05-22 17:49:25,2026-05-22 17:49:25
6281,420,24,9,1,2026-05-22 17:49:25,2026-05-22 17:49:25
6282,420,25,10,1,2026-05-22 17:49:25,2026-05-22 17:49:25
6283,420,100,11,1,2026-05-22 17:49:25,2026-05-22 17:49:25
6284,420,114,12,1,2026-05-22 17:49:25,2026-05-22 17:49:25
6285,420,116,13,1,2026-05-22 17:49:25,2026-05-22 17:49:25
6286,420,127,16,1,2026-05-22 17:49:25,2026-05-22 17:49:25
6287,422,1,1,1,2026-05-22 17:35:16,2026-05-22 17:35:16
6288,422,2,2,1,2026-05-22 17:35:16,2026-05-22 17:35:16
6289,422,4,3,1,2026-05-22 17:35:16,2026-05-22 17:35:16
6290,422,5,4,1,2026-05-22 17:35:16,2026-05-22 17:35:16
6291,422,6,5,1,2026-05-22 17:35:16,2026-05-22 17:35:16
6292,422,9,6,1,2026-05-22 17:35:16,2026-05-22 17:35:16
6293,422,21,7,1,2026-05-22 17:35:16,2026-05-22 17:35:16
6294,422,24,9,1,2026-05-22 17:35:16,2026-05-22 17:35:16
6295,422,25,10,1,2026-05-22 17:35:16,2026-05-22 17:35:16
6296,422,113,11,1,2026-05-22 17:35:16,2026-05-22 17:35:16
6297,422,88,12,1,2026-05-22 17:35:16,2026-05-22 17:35:16
6298,422,89,13,1,2026-05-22 17:35:16,2026-05-22 17:35:16
6299,422,79,14,1,2026-05-22 17:35:16,2026-05-22 17:35:16
6300,422,104,15,1,2026-05-22 17:35:16,2026-05-22 17:35:16
6301,422,111,16,1,2026-05-22 17:35:16,2026-05-22 17:35:16
6302,430,1,1,1,2026-05-22 17:51:23,2026-05-22 17:51:23
6303,430,5,4,1,2026-05-22 17:51:23,2026-05-22 17:51:23
6304,430,6,5,1,2026-05-22 17:51:23,2026-05-22 17:51:23
6305,430,19,6,1,2026-05-22 17:51:23,2026-05-22 17:51:23
6306,430,21,7,1,2026-05-22 17:51:23,2026-05-22 17:51:23
6307,430,24,9,1,2026-05-22 17:51:23,2026-05-22 17:51:23
6308,430,113,11,1,2026-05-22 17:51:23,2026-05-22 17:51:23
6309,430,114,12,1,2026-05-22 17:51:23,2026-05-22 17:51:23
6310,430,118,14,1,2026-05-22 17:51:23,2026-05-22 17:51:23
6311,430,107,16,1,2026-05-22 17:51:23,2026-05-22 17:51:23
6312,432,1,1,1,2026-05-22 10:24:07,2026-05-22 10:24:07
6313,432,3,2,1,2026-05-22 10:24:07,2026-05-22 10:24:07
6314,432,4,3,1,2026-05-22 10:24:07,2026-05-22 10:24:07
6315,432,5,4,1,2026-05-22 10:24:07,2026-05-22 10:24:07
6316,432,6,5,1,2026-05-22 10:24:07,2026-05-22 10:24:07
6317,432,9,6,1,2026-05-22 10:24:07,2026-05-22 10:24:07
6318,432,20,7,1,2026-05-22 10:24:07,2026-05-22 10:24:07
6319,432,24,9,1,2026-05-22 10:24:07,2026-05-22 10:24:07
6320,432,25,10,1,2026-05-22 10:24:07,2026-05-22 10:24:07
6321,432,100,11,1,2026-05-22 10:24:07,2026-05-22 10:24:07
6322,432,88,12,1,2026-05-22 10:24:07,2026-05-22 10:24:07
6323,432,116,13,1,2026-05-22 10:24:07,2026-05-22 10:24:07
6324,432,103,14,1,2026-05-22 10:24:07,2026-05-22 10:24:07
6325,432,104,15,1,2026-05-22 10:24:07,2026-05-22 10:24:07
6326,432,95,16,1,2026-05-22 10:24:07,2026-05-22 10:24:07
6327,433,1,1,1,2026-05-22 11:44:05,2026-05-22 11:44:05
6328,433,3,2,1,2026-05-22 11:44:05,2026-05-22 11:44:05
6329,433,4,3,1,2026-05-22 11:44:05,2026-05-22 11:44:05
6330,433,6,5,1,2026-05-22 11:44:05,2026-05-22 11:44:05
6331,433,16,6,1,2026-05-22 11:44:05,2026-05-22 11:44:05
6332,433,21,7,1,2026-05-22 11:44:05,2026-05-22 11:44:05
6333,433,24,9,1,2026-05-22 11:44:05,2026-05-22 11:44:05
6334,433,76,11,1,2026-05-22 11:44:05,2026-05-22 11:44:05
6335,433,101,12,1,2026-05-22 11:44:05,2026-05-22 11:44:05
6336,433,102,13,1,2026-05-22 11:44:05,2026-05-22 11:44:05
6337,433,118,14,1,2026-05-22 11:44:05,2026-05-22 11:44:05
6338,433,104,15,1,2026-05-22 11:44:05,2026-05-22 11:44:05
6339,433,93,16,1,2026-05-22 11:44:05,2026-05-22 11:44:05
6340,434,1,1,1,2026-05-22 16:02:53,2026-05-22 16:02:53
6341,434,3,2,1,2026-05-22 16:02:53,2026-05-22 16:02:53
6342,434,4,3,1,2026-05-22 16:02:53,2026-05-22 16:02:53
6343,434,5,4,1,2026-05-22 16:02:53,2026-05-22 16:02:53
6344,434,24,9,1,2026-05-22 16:02:53,2026-05-22 16:02:53
6345,434,25,10,1,2026-05-22 16:02:53,2026-05-22 16:02:53
6346,434,87,11,1,2026-05-22 16:02:53,2026-05-22 16:02:53
6347,434,88,12,1,2026-05-22 16:02:53,2026-05-22 16:02:53
6348,434,102,13,1,2026-05-22 16:02:53,2026-05-22 16:02:53
6349,434,91,15,1,2026-05-22 16:02:53,2026-05-22 16:02:53
6350,434,81,16,1,2026-05-22 16:02:53,2026-05-22 16:02:53
6351,435,1,1,1,2026-05-22 09:31:18,2026-05-22 09:31:18
6352,435,3,2,1,2026-05-22 09:31:18,2026-05-22 09:31:18
6353,435,4,3,1,2026-05-22 09:31:18,2026-05-22 09:31:18
6354,435,5,4,1,2026-05-22 09:31:18,2026-05-22 09:31:18
6355,435,6,5,1,2026-05-22 09:31:18,2026-05-22 09:31:18
6356,435,15,6,1,2026-05-22 09:31:18,2026-05-22 09:31:18
6357,435,21,7,1,2026-05-22 09:31:18,2026-05-22 09:31:18
6358,435,24,9,1,2026-05-22 09:31:18,2026-05-22 09:31:18
6359,435,25,10,1,2026-05-22 09:31:18,2026-05-22 09:31:18
6360,435,101,12,1,2026-05-22 09:31:18,2026-05-22 09:31:18
6361,435,103,14,1,2026-05-22 09:31:18,2026-05-22 09:31:18
6362,435,104,15,1,2026-05-22 09:31:18,2026-05-22 09:31:18
6363,435,121,16,1,2026-05-22 09:31:18,2026-05-22 09:31:18
6364,436,4,3,1,2026-05-22 09:35:40,2026-05-22 09:35:40
6365,436,5,4,1,2026-05-22 09:35:40,2026-05-22 09:35:40
6366,436,6,5,1,2026-05-22 09:35:40,2026-05-22 09:35:40
6367,436,11,6,1,2026-05-22 09:35:40,2026-05-22 09:35:40
6368,436,21,7,1,2026-05-22 09:35:40,2026-05-22 09:35:40
6369,436,24,9,1,2026-05-22 09:35:40,2026-05-22 09:35:40
6370,436,102,13,1,2026-05-22 09:35:40,2026-05-22 09:35:40
6371,436,79,14,1,2026-05-22 09:35:40,2026-05-22 09:35:40
6372,436,119,15,1,2026-05-22 09:35:40,2026-05-22 09:35:40
6373,436,83,16,1,2026-05-22 09:35:40,2026-05-22 09:35:40
6374,440,2,2,1,2026-05-22 08:07:13,2026-05-22 08:07:13
6375,440,4,3,1,2026-05-22 08:07:13,2026-05-22 08:07:13
6376,440,5,4,1,2026-05-22 08:07:13,2026-05-22 08:07:13
6377,440,6,5,1,2026-05-22 08:07:13,2026-05-22 08:07:13
6378,440,18,6,1,2026-05-22 08:07:13,2026-05-22 08:07:13
6379,440,21,7,1,2026-05-22 08:07:13,2026-05-22 08:07:13
6380,440,24,9,1,2026-05-22 08:07:13,2026-05-22 08:07:13
6381,440,25,10,1,2026-05-22 08:07:13,2026-05-22 08:07:13
6382,440,76,11,1,2026-05-22 08:07:13,2026-05-22 08:07:13
6383,440,88,12,1,2026-05-22 08:07:13,2026-05-22 08:07:13
6384,440,102,13,1,2026-05-22 08:07:13,2026-05-22 08:07:13
6385,440,107,16,1,2026-05-22 08:07:13,2026-05-22 08:07:13
6386,441,1,1,1,2026-05-22 16:36:08,2026-05-22 16:36:08
6387,441,4,3,1,2026-05-22 16:36:08,2026-05-22 16:36:08
6388,441,5,4,1,2026-05-22 16:36:08,2026-05-22 16:36:08
6389,441,6,5,1,2026-05-22 16:36:08,2026-05-22 16:36:08
6390,441,21,7,1,2026-05-22 16:36:08,2026-05-22 16:36:08
6391,441,24,9,1,2026-05-22 16:36:08,2026-05-22 16:36:08
6392,441,100,11,1,2026-05-22 16:36:08,2026-05-22 16:36:08
6393,441,114,12,1,2026-05-22 16:36:08,2026-05-22 16:36:08
6394,441,84,16,1,2026-05-22 16:36:08,2026-05-22 16:36:08
6395,442,1,1,1,2026-05-22 14:47:38,2026-05-22 14:47:38
6396,442,3,2,1,2026-05-22 14:47:38,2026-05-22 14:47:38
6397,442,4,3,1,2026-05-22 14:47:38,2026-05-22 14:47:38
6398,442,5,4,1,2026-05-22 14:47:38,2026-05-22 14:47:38
6399,442,6,5,1,2026-05-22 14:47:38,2026-05-22 14:47:38
6400,442,20,7,1,2026-05-22 14:47:38,2026-05-22 14:47:38
6401,442,24,9,1,2026-05-22 14:47:38,2026-05-22 14:47:38
6402,442,25,10,1,2026-05-22 14:47:38,2026-05-22 14:47:38
6403,442,76,11,1,2026-05-22 14:47:38,2026-05-22 14:47:38
6404,442,88,12,1,2026-05-22 14:47:38,2026-05-22 14:47:38
6405,442,89,13,1,2026-05-22 14:47:38,2026-05-22 14:47:38
6406,442,79,14,1,2026-05-22 14:47:38,2026-05-22 14:47:38
6407,442,91,15,1,2026-05-22 14:47:38,2026-05-22 14:47:38
6408,443,1,1,1,2026-05-22 17:53:52,2026-05-22 17:53:52
6409,443,3,2,1,2026-05-22 17:53:52,2026-05-22 17:53:52
6410,443,6,5,1,2026-05-22 17:53:52,2026-05-22 17:53:52
6411,443,16,6,1,2026-05-22 17:53:52,2026-05-22 17:53:52
6412,443,21,7,1,2026-05-22 17:53:52,2026-05-22 17:53:52
6413,443,25,10,1,2026-05-22 17:53:52,2026-05-22 17:53:52
6414,443,87,11,1,2026-05-22 17:53:52,2026-05-22 17:53:52
6415,443,77,12,1,2026-05-22 17:53:52,2026-05-22 17:53:52
6416,443,89,13,1,2026-05-22 17:53:52,2026-05-22 17:53:52
6417,443,91,15,1,2026-05-22 17:53:52,2026-05-22 17:53:52
6418,443,127,16,1,2026-05-22 17:53:52,2026-05-22 17:53:52
6419,444,1,1,1,2026-05-22 12:01:30,2026-05-22 12:01:30
6420,444,3,2,1,2026-05-22 12:01:30,2026-05-22 12:01:30
6421,444,4,3,1,2026-05-22 12:01:30,2026-05-22 12:01:30
6422,444,5,4,1,2026-05-22 12:01:30,2026-05-22 12:01:30
6423,444,6,5,1,2026-05-22 12:01:30,2026-05-22 12:01:30
6424,444,19,6,1,2026-05-22 12:01:30,2026-05-22 12:01:30
6425,444,21,7,1,2026-05-22 12:01:30,2026-05-22 12:01:30
6426,444,24,9,1,2026-05-22 12:01:30,2026-05-22 12:01:30
6427,444,25,10,1,2026-05-22 12:01:30,2026-05-22 12:01:30
6428,444,76,11,1,2026-05-22 12:01:30,2026-05-22 12:01:30
6429,444,77,12,1,2026-05-22 12:01:30,2026-05-22 12:01:30
6430,444,89,13,1,2026-05-22 12:01:30,2026-05-22 12:01:30
6431,444,90,14,1,2026-05-22 12:01:30,2026-05-22 12:01:30
6432,444,91,15,1,2026-05-22 12:01:30,2026-05-22 12:01:30
6433,444,105,16,1,2026-05-22 12:01:30,2026-05-22 12:01:30
6434,446,1,1,1,2026-05-22 13:35:47,2026-05-22 13:35:47
6435,446,2,2,1,2026-05-22 13:35:47,2026-05-22 13:35:47
6436,446,4,3,1,2026-05-22 13:35:47,2026-05-22 13:35:47
6437,446,5,4,1,2026-05-22 13:35:47,2026-05-22 13:35:47
6438,446,20,7,1,2026-05-22 13:35:47,2026-05-22 13:35:47
6439,446,24,9,1,2026-05-22 13:35:47,2026-05-22 13:35:47
6440,446,77,12,1,2026-05-22 13:35:47,2026-05-22 13:35:47
6441,446,102,13,1,2026-05-22 13:35:47,2026-05-22 13:35:47
6442,446,79,14,1,2026-05-22 13:35:47,2026-05-22 13:35:47
6443,446,83,16,1,2026-05-22 13:35:47,2026-05-22 13:35:47
6444,447,1,1,1,2026-05-22 13:29:28,2026-05-22 13:29:28
6445,447,3,2,1,2026-05-22 13:29:28,2026-05-22 13:29:28
6446,447,4,3,1,2026-05-22 13:29:28,2026-05-22 13:29:28
6447,447,5,4,1,2026-05-22 13:29:28,2026-05-22 13:29:28
6448,447,6,5,1,2026-05-22 13:29:28,2026-05-22 13:29:28
6449,447,8,6,1,2026-05-22 13:29:28,2026-05-22 13:29:28
6450,447,24,9,1,2026-05-22 13:29:28,2026-05-22 13:29:28
6451,447,25,10,1,2026-05-22 13:29:28,2026-05-22 13:29:28
6452,447,87,11,1,2026-05-22 13:29:28,2026-05-22 13:29:28
6453,447,101,12,1,2026-05-22 13:29:28,2026-05-22 13:29:28
6454,447,89,13,1,2026-05-22 13:29:28,2026-05-22 13:29:28
6455,447,79,14,1,2026-05-22 13:29:28,2026-05-22 13:29:28
6456,447,80,15,1,2026-05-22 13:29:28,2026-05-22 13:29:28
6457,447,97,16,1,2026-05-22 13:29:28,2026-05-22 13:29:28
6458,448,1,1,1,2026-05-22 17:10:42,2026-05-22 17:10:42
6459,448,3,2,1,2026-05-22 17:10:42,2026-05-22 17:10:42
6460,448,4,3,1,2026-05-22 17:10:42,2026-05-22 17:10:42
6461,448,5,4,1,2026-05-22 17:10:42,2026-05-22 17:10:42
6462,448,6,5,1,2026-05-22 17:10:42,2026-05-22 17:10:42
6463,448,18,6,1,2026-05-22 17:10:42,2026-05-22 17:10:42
6464,448,20,7,1,2026-05-22 17:10:42,2026-05-22 17:10:42
6465,448,24,9,1,2026-05-22 17:10:42,2026-05-22 17:10:42
6466,448,25,10,1,2026-05-22 17:10:42,2026-05-22 17:10:42
6467,448,100,11,1,2026-05-22 17:10:42,2026-05-22 17:10:42
6468,448,77,12,1,2026-05-22 17:10:42,2026-05-22 17:10:42
6469,448,78,13,1,2026-05-22 17:10:42,2026-05-22 17:10:42
6470,448,103,14,1,2026-05-22 17:10:42,2026-05-22 17:10:42
6471,448,119,15,1,2026-05-22 17:10:42,2026-05-22 17:10:42
6472,448,84,16,1,2026-05-22 17:10:42,2026-05-22 17:10:42
6473,450,2,2,1,2026-05-22 15:00:17,2026-05-22 15:00:17
6474,450,4,3,1,2026-05-22 15:00:17,2026-05-22 15:00:17
6475,450,5,4,1,2026-05-22 15:00:17,2026-05-22 15:00:17
6476,450,6,5,1,2026-05-22 15:00:17,2026-05-22 15:00:17
6477,450,20,7,1,2026-05-22 15:00:17,2026-05-22 15:00:17
6478,450,24,9,1,2026-05-22 15:00:17,2026-05-22 15:00:17
6479,450,25,10,1,2026-05-22 15:00:17,2026-05-22 15:00:17
6480,450,113,11,1,2026-05-22 15:00:17,2026-05-22 15:00:17
6481,450,114,12,1,2026-05-22 15:00:17,2026-05-22 15:00:17
6482,450,78,13,1,2026-05-22 15:00:17,2026-05-22 15:00:17
6483,450,84,16,1,2026-05-22 15:00:17,2026-05-22 15:00:17
6484,455,2,2,1,2026-05-22 10:36:35,2026-05-22 10:36:35
6485,455,4,3,1,2026-05-22 10:36:35,2026-05-22 10:36:35
6486,455,5,4,1,2026-05-22 10:36:35,2026-05-22 10:36:35
6487,455,6,5,1,2026-05-22 10:36:35,2026-05-22 10:36:35
6488,455,12,6,1,2026-05-22 10:36:35,2026-05-22 10:36:35
6489,455,21,7,1,2026-05-22 10:36:35,2026-05-22 10:36:35
6490,455,24,9,1,2026-05-22 10:36:35,2026-05-22 10:36:35
6491,455,100,11,1,2026-05-22 10:36:35,2026-05-22 10:36:35
6492,455,114,12,1,2026-05-22 10:36:35,2026-05-22 10:36:35
6493,455,116,13,1,2026-05-22 10:36:35,2026-05-22 10:36:35
6494,455,118,14,1,2026-05-22 10:36:35,2026-05-22 10:36:35
6495,455,104,15,1,2026-05-22 10:36:35,2026-05-22 10:36:35
6496,456,1,1,1,2026-05-22 10:40:58,2026-05-22 10:40:58
6497,456,3,2,1,2026-05-22 10:40:58,2026-05-22 10:40:58
6498,456,4,3,1,2026-05-22 10:40:58,2026-05-22 10:40:58
6499,456,5,4,1,2026-05-22 10:40:58,2026-05-22 10:40:58
6500,456,6,5,1,2026-05-22 10:40:58,2026-05-22 10:40:58
6501,456,8,6,1,2026-05-22 10:40:58,2026-05-22 10:40:58
6502,456,21,7,1,2026-05-22 10:40:58,2026-05-22 10:40:58
6503,456,24,9,1,2026-05-22 10:40:58,2026-05-22 10:40:58
6504,456,25,10,1,2026-05-22 10:40:58,2026-05-22 10:40:58
6505,456,100,11,1,2026-05-22 10:40:58,2026-05-22 10:40:58
6506,456,114,12,1,2026-05-22 10:40:58,2026-05-22 10:40:58
6507,456,116,13,1,2026-05-22 10:40:58,2026-05-22 10:40:58
6508,456,103,14,1,2026-05-22 10:40:58,2026-05-22 10:40:58
6509,456,104,15,1,2026-05-22 10:40:58,2026-05-22 10:40:58
6510,456,128,16,1,2026-05-22 10:40:58,2026-05-22 10:40:58
6511,457,1,1,1,2026-05-22 17:57:03,2026-05-22 17:57:03
6512,457,2,2,1,2026-05-22 17:57:03,2026-05-22 17:57:03
6513,457,5,4,1,2026-05-22 17:57:03,2026-05-22 17:57:03
6514,457,9,6,1,2026-05-22 17:57:03,2026-05-22 17:57:03
6515,457,21,7,1,2026-05-22 17:57:03,2026-05-22 17:57:03
6516,457,24,9,1,2026-05-22 17:57:03,2026-05-22 17:57:03
6517,457,114,12,1,2026-05-22 17:57:03,2026-05-22 17:57:03
6518,457,118,14,1,2026-05-22 17:57:03,2026-05-22 17:57:03
6519,457,93,16,1,2026-05-22 17:57:03,2026-05-22 17:57:03
6520,460,1,1,1,2026-05-22 13:41:17,2026-05-22 13:41:17
6521,460,3,2,1,2026-05-22 13:41:17,2026-05-22 13:41:17
6522,460,4,3,1,2026-05-22 13:41:17,2026-05-22 13:41:17
6523,460,5,4,1,2026-05-22 13:41:17,2026-05-22 13:41:17
6524,460,6,5,1,2026-05-22 13:41:17,2026-05-22 13:41:17
6525,460,7,6,1,2026-05-22 13:41:17,2026-05-22 13:41:17
6526,460,20,7,1,2026-05-22 13:41:17,2026-05-22 13:41:17
6527,460,24,9,1,2026-05-22 13:41:17,2026-05-22 13:41:17
6528,460,25,10,1,2026-05-22 13:41:17,2026-05-22 13:41:17
6529,460,100,11,1,2026-05-22 13:41:17,2026-05-22 13:41:17
6530,460,101,12,1,2026-05-22 13:41:17,2026-05-22 13:41:17
6531,460,78,13,1,2026-05-22 13:41:17,2026-05-22 13:41:17
6532,460,103,14,1,2026-05-22 13:41:17,2026-05-22 13:41:17
6533,460,119,15,1,2026-05-22 13:41:17,2026-05-22 13:41:17
6534,463,1,1,1,2026-05-22 09:46:19,2026-05-22 09:46:19
6535,463,4,3,1,2026-05-22 09:46:19,2026-05-22 09:46:19
6536,463,5,4,1,2026-05-22 09:46:19,2026-05-22 09:46:19
6537,463,6,5,1,2026-05-22 09:46:19,2026-05-22 09:46:19
6538,463,9,6,1,2026-05-22 09:46:19,2026-05-22 09:46:19
6539,463,20,7,1,2026-05-22 09:46:19,2026-05-22 09:46:19
6540,463,25,10,1,2026-05-22 09:46:19,2026-05-22 09:46:19
6541,463,76,11,1,2026-05-22 09:46:19,2026-05-22 09:46:19
6542,463,114,12,1,2026-05-22 09:46:19,2026-05-22 09:46:19
6543,463,116,13,1,2026-05-22 09:46:19,2026-05-22 09:46:19
6544,463,119,15,1,2026-05-22 09:46:19,2026-05-22 09:46:19
6545,463,106,16,1,2026-05-22 09:46:19,2026-05-22 09:46:19
6546,465,1,1,1,2026-05-22 08:22:17,2026-05-22 08:22:17
6547,465,4,3,1,2026-05-22 08:22:17,2026-05-22 08:22:17
6548,465,5,4,1,2026-05-22 08:22:17,2026-05-22 08:22:17
6549,465,6,5,1,2026-05-22 08:22:17,2026-05-22 08:22:17
6550,465,19,6,1,2026-05-22 08:22:17,2026-05-22 08:22:17
6551,465,21,7,1,2026-05-22 08:22:17,2026-05-22 08:22:17
6552,465,24,9,1,2026-05-22 08:22:17,2026-05-22 08:22:17
6553,465,25,10,1,2026-05-22 08:22:17,2026-05-22 08:22:17
6554,465,87,11,1,2026-05-22 08:22:17,2026-05-22 08:22:17
6555,465,114,12,1,2026-05-22 08:22:17,2026-05-22 08:22:17
6556,465,78,13,1,2026-05-22 08:22:17,2026-05-22 08:22:17
6557,465,90,14,1,2026-05-22 08:22:17,2026-05-22 08:22:17
6558,465,104,15,1,2026-05-22 08:22:17,2026-05-22 08:22:17
6559,465,106,16,1,2026-05-22 08:22:17,2026-05-22 08:22:17
6560,466,1,1,1,2026-05-22 08:51:55,2026-05-22 08:51:55
6561,466,3,2,1,2026-05-22 08:51:55,2026-05-22 08:51:55
6562,466,4,3,1,2026-05-22 08:51:55,2026-05-22 08:51:55
6563,466,5,4,1,2026-05-22 08:51:55,2026-05-22 08:51:55
6564,466,6,5,1,2026-05-22 08:51:55,2026-05-22 08:51:55
6565,466,12,6,1,2026-05-22 08:51:55,2026-05-22 08:51:55
6566,466,21,7,1,2026-05-22 08:51:55,2026-05-22 08:51:55
6567,466,113,11,1,2026-05-22 08:51:55,2026-05-22 08:51:55
6568,466,101,12,1,2026-05-22 08:51:55,2026-05-22 08:51:55
6569,466,90,14,1,2026-05-22 08:51:55,2026-05-22 08:51:55
6570,466,111,16,1,2026-05-22 08:51:55,2026-05-22 08:51:55
6571,470,1,1,1,2026-05-22 15:19:25,2026-05-22 15:19:25
6572,470,3,2,1,2026-05-22 15:19:25,2026-05-22 15:19:25
6573,470,4,3,1,2026-05-22 15:19:25,2026-05-22 15:19:25
6574,470,5,4,1,2026-05-22 15:19:25,2026-05-22 15:19:25
6575,470,6,5,1,2026-05-22 15:19:25,2026-05-22 15:19:25
6576,470,24,9,1,2026-05-22 15:19:25,2026-05-22 15:19:25
6577,470,25,10,1,2026-05-22 15:19:25,2026-05-22 15:19:25
6578,470,87,11,1,2026-05-22 15:19:25,2026-05-22 15:19:25
6579,470,88,12,1,2026-05-22 15:19:25,2026-05-22 15:19:25
6580,470,91,15,1,2026-05-22 15:19:25,2026-05-22 15:19:25
6581,470,107,16,1,2026-05-22 15:19:25,2026-05-22 15:19:25
6582,471,3,2,1,2026-05-22 15:55:33,2026-05-22 15:55:33
6583,471,4,3,1,2026-05-22 15:55:33,2026-05-22 15:55:33
6584,471,5,4,1,2026-05-22 15:55:33,2026-05-22 15:55:33
6585,471,6,5,1,2026-05-22 15:55:33,2026-05-22 15:55:33
6586,471,11,6,1,2026-05-22 15:55:33,2026-05-22 15:55:33
6587,471,20,7,1,2026-05-22 15:55:33,2026-05-22 15:55:33
6588,471,25,10,1,2026-05-22 15:55:33,2026-05-22 15:55:33
6589,471,100,11,1,2026-05-22 15:55:33,2026-05-22 15:55:33
6590,471,114,12,1,2026-05-22 15:55:33,2026-05-22 15:55:33
6591,471,118,14,1,2026-05-22 15:55:33,2026-05-22 15:55:33
6592,471,119,15,1,2026-05-22 15:55:33,2026-05-22 15:55:33
6593,471,111,16,1,2026-05-22 15:55:33,2026-05-22 15:55:33
6594,472,1,1,1,2026-05-22 08:40:25,2026-05-22 08:40:25
6595,472,4,3,1,2026-05-22 08:40:25,2026-05-22 08:40:25
6596,472,6,5,1,2026-05-22 08:40:25,2026-05-22 08:40:25
6597,472,8,6,1,2026-05-22 08:40:25,2026-05-22 08:40:25
6598,472,25,10,1,2026-05-22 08:40:25,2026-05-22 08:40:25
6599,472,101,12,1,2026-05-22 08:40:25,2026-05-22 08:40:25
6600,472,78,13,1,2026-05-22 08:40:25,2026-05-22 08:40:25
6601,472,118,14,1,2026-05-22 08:40:25,2026-05-22 08:40:25
6602,472,104,15,1,2026-05-22 08:40:25,2026-05-22 08:40:25
6603,472,83,16,1,2026-05-22 08:40:25,2026-05-22 08:40:25
6604,474,1,1,1,2026-05-22 15:13:30,2026-05-22 15:13:30
6605,474,3,2,1,2026-05-22 15:13:30,2026-05-22 15:13:30
6606,474,4,3,1,2026-05-22 15:13:30,2026-05-22 15:13:30
6607,474,5,4,1,2026-05-22 15:13:30,2026-05-22 15:13:30
6608,474,6,5,1,2026-05-22 15:13:30,2026-05-22 15:13:30
6609,474,15,6,1,2026-05-22 15:13:30,2026-05-22 15:13:30
6610,474,20,7,1,2026-05-22 15:13:30,2026-05-22 15:13:30
6611,474,24,9,1,2026-05-22 15:13:30,2026-05-22 15:13:30
6612,474,25,10,1,2026-05-22 15:13:30,2026-05-22 15:13:30
6613,474,87,11,1,2026-05-22 15:13:30,2026-05-22 15:13:30
6614,474,88,12,1,2026-05-22 15:13:30,2026-05-22 15:13:30
6615,474,102,13,1,2026-05-22 15:13:30,2026-05-22 15:13:30
6616,474,118,14,1,2026-05-22 15:13:30,2026-05-22 15:13:30
6617,474,119,15,1,2026-05-22 15:13:30,2026-05-22 15:13:30
6618,474,106,16,1,2026-05-22 15:13:30,2026-05-22 15:13:30
6619,476,3,2,1,2026-05-22 09:01:05,2026-05-22 09:01:05
6620,476,4,3,1,2026-05-22 09:01:05,2026-05-22 09:01:05
6621,476,14,6,1,2026-05-22 09:01:05,2026-05-22 09:01:05
6622,476,21,7,1,2026-05-22 09:01:05,2026-05-22 09:01:05
6623,476,24,9,1,2026-05-22 09:01:05,2026-05-22 09:01:05
6624,476,25,10,1,2026-05-22 09:01:05,2026-05-22 09:01:05
6625,476,76,11,1,2026-05-22 09:01:05,2026-05-22 09:01:05
6626,476,88,12,1,2026-05-22 09:01:05,2026-05-22 09:01:05
6627,476,102,13,1,2026-05-22 09:01:05,2026-05-22 09:01:05
6628,476,118,14,1,2026-05-22 09:01:05,2026-05-22 09:01:05
6629,476,104,15,1,2026-05-22 09:01:05,2026-05-22 09:01:05
6630,476,109,16,1,2026-05-22 09:01:05,2026-05-22 09:01:05
6631,480,1,1,1,2026-05-22 10:13:18,2026-05-22 10:13:18
6632,480,3,2,1,2026-05-22 10:13:18,2026-05-22 10:13:18
6633,480,4,3,1,2026-05-22 10:13:18,2026-05-22 10:13:18
6634,480,5,4,1,2026-05-22 10:13:18,2026-05-22 10:13:18
6635,480,6,5,1,2026-05-22 10:13:18,2026-05-22 10:13:18
6636,480,8,6,1,2026-05-22 10:13:18,2026-05-22 10:13:18
6637,480,21,7,1,2026-05-22 10:13:18,2026-05-22 10:13:18
6638,480,24,9,1,2026-05-22 10:13:18,2026-05-22 10:13:18
6639,480,25,10,1,2026-05-22 10:13:18,2026-05-22 10:13:18
6640,480,100,11,1,2026-05-22 10:13:18,2026-05-22 10:13:18
6641,480,114,12,1,2026-05-22 10:13:18,2026-05-22 10:13:18
6642,480,78,13,1,2026-05-22 10:13:18,2026-05-22 10:13:18
6643,480,91,15,1,2026-05-22 10:13:18,2026-05-22 10:13:18
6644,481,1,1,1,2026-05-22 12:45:02,2026-05-22 12:45:02
6645,481,2,2,1,2026-05-22 12:45:02,2026-05-22 12:45:02
6646,481,4,3,1,2026-05-22 12:45:02,2026-05-22 12:45:02
6647,481,5,4,1,2026-05-22 12:45:02,2026-05-22 12:45:02
6648,481,12,6,1,2026-05-22 12:45:02,2026-05-22 12:45:02
6649,481,21,7,1,2026-05-22 12:45:02,2026-05-22 12:45:02
6650,481,24,9,1,2026-05-22 12:45:02,2026-05-22 12:45:02
6651,481,25,10,1,2026-05-22 12:45:02,2026-05-22 12:45:02
6652,481,87,11,1,2026-05-22 12:45:02,2026-05-22 12:45:02
6653,481,88,12,1,2026-05-22 12:45:02,2026-05-22 12:45:02
6654,481,90,14,1,2026-05-22 12:45:02,2026-05-22 12:45:02
6655,481,119,15,1,2026-05-22 12:45:02,2026-05-22 12:45:02
6656,481,108,16,1,2026-05-22 12:45:02,2026-05-22 12:45:02
6657,484,1,1,1,2026-05-22 16:13:08,2026-05-22 16:13:08
6658,484,3,2,1,2026-05-22 16:13:08,2026-05-22 16:13:08
6659,484,4,3,1,2026-05-22 16:13:08,2026-05-22 16:13:08
6660,484,5,4,1,2026-05-22 16:13:08,2026-05-22 16:13:08
6661,484,6,5,1,2026-05-22 16:13:08,2026-05-22 16:13:08
6662,484,7,6,1,2026-05-22 16:13:08,2026-05-22 16:13:08
6663,484,87,11,1,2026-05-22 16:13:08,2026-05-22 16:13:08
6664,484,77,12,1,2026-05-22 16:13:08,2026-05-22 16:13:08
6665,484,116,13,1,2026-05-22 16:13:08,2026-05-22 16:13:08
6666,484,90,14,1,2026-05-22 16:13:08,2026-05-22 16:13:08
6667,484,104,15,1,2026-05-22 16:13:08,2026-05-22 16:13:08
6668,484,95,16,1,2026-05-22 16:13:08,2026-05-22 16:13:08
6669,485,1,1,1,2026-05-22 08:54:22,2026-05-22 08:54:22
6670,485,3,2,1,2026-05-22 08:54:22,2026-05-22 08:54:22
6671,485,4,3,1,2026-05-22 08:54:22,2026-05-22 08:54:22
6672,485,5,4,1,2026-05-22 08:54:22,2026-05-22 08:54:22
6673,485,6,5,1,2026-05-22 08:54:22,2026-05-22 08:54:22
6674,485,11,6,1,2026-05-22 08:54:22,2026-05-22 08:54:22
6675,485,21,7,1,2026-05-22 08:54:22,2026-05-22 08:54:22
6676,485,25,10,1,2026-05-22 08:54:22,2026-05-22 08:54:22
6677,485,113,11,1,2026-05-22 08:54:22,2026-05-22 08:54:22
6678,485,114,12,1,2026-05-22 08:54:22,2026-05-22 08:54:22
6679,485,89,13,1,2026-05-22 08:54:22,2026-05-22 08:54:22
6680,485,111,16,1,2026-05-22 08:54:22,2026-05-22 08:54:22
6681,486,1,1,1,2026-05-22 11:45:40,2026-05-22 11:45:40
6682,486,3,2,1,2026-05-22 11:45:40,2026-05-22 11:45:40
6683,486,4,3,1,2026-05-22 11:45:40,2026-05-22 11:45:40
6684,486,5,4,1,2026-05-22 11:45:40,2026-05-22 11:45:40
6685,486,6,5,1,2026-05-22 11:45:40,2026-05-22 11:45:40
6686,486,8,6,1,2026-05-22 11:45:40,2026-05-22 11:45:40
6687,486,20,7,1,2026-05-22 11:45:40,2026-05-22 11:45:40
6688,486,24,9,1,2026-05-22 11:45:40,2026-05-22 11:45:40
6689,486,87,11,1,2026-05-22 11:45:40,2026-05-22 11:45:40
6690,486,101,12,1,2026-05-22 11:45:40,2026-05-22 11:45:40
6691,486,116,13,1,2026-05-22 11:45:40,2026-05-22 11:45:40
6692,486,91,15,1,2026-05-22 11:45:40,2026-05-22 11:45:40
6693,486,110,16,1,2026-05-22 11:45:40,2026-05-22 11:45:40
6694,488,1,1,1,2026-05-22 15:42:20,2026-05-22 15:42:20
6695,488,3,2,1,2026-05-22 15:42:20,2026-05-22 15:42:20
6696,488,4,3,1,2026-05-22 15:42:20,2026-05-22 15:42:20
6697,488,5,4,1,2026-05-22 15:42:20,2026-05-22 15:42:20
6698,488,6,5,1,2026-05-22 15:42:20,2026-05-22 15:42:20
6699,488,18,6,1,2026-05-22 15:42:20,2026-05-22 15:42:20
6700,488,20,7,1,2026-05-22 15:42:20,2026-05-22 15:42:20
6701,488,24,9,1,2026-05-22 15:42:20,2026-05-22 15:42:20
6702,488,25,10,1,2026-05-22 15:42:20,2026-05-22 15:42:20
6703,488,87,11,1,2026-05-22 15:42:20,2026-05-22 15:42:20
6704,488,114,12,1,2026-05-22 15:42:20,2026-05-22 15:42:20
6705,488,102,13,1,2026-05-22 15:42:20,2026-05-22 15:42:20
6706,488,118,14,1,2026-05-22 15:42:20,2026-05-22 15:42:20
6707,488,93,16,1,2026-05-22 15:42:20,2026-05-22 15:42:20
6708,489,1,1,1,2026-05-22 09:37:55,2026-05-22 09:37:55
6709,489,3,2,1,2026-05-22 09:37:55,2026-05-22 09:37:55
6710,489,4,3,1,2026-05-22 09:37:55,2026-05-22 09:37:55
6711,489,5,4,1,2026-05-22 09:37:55,2026-05-22 09:37:55
6712,489,6,5,1,2026-05-22 09:37:55,2026-05-22 09:37:55
6713,489,18,6,1,2026-05-22 09:37:55,2026-05-22 09:37:55
6714,489,21,7,1,2026-05-22 09:37:55,2026-05-22 09:37:55
6715,489,25,10,1,2026-05-22 09:37:55,2026-05-22 09:37:55
6716,489,87,11,1,2026-05-22 09:37:55,2026-05-22 09:37:55
6717,489,102,13,1,2026-05-22 09:37:55,2026-05-22 09:37:55
6718,489,123,16,1,2026-05-22 09:37:55,2026-05-22 09:37:55
6719,490,1,1,1,2026-05-22 10:45:13,2026-05-22 10:45:13
6720,490,3,2,1,2026-05-22 10:45:13,2026-05-22 10:45:13
6721,490,4,3,1,2026-05-22 10:45:13,2026-05-22 10:45:13
6722,490,5,4,1,2026-05-22 10:45:13,2026-05-22 10:45:13
6723,490,16,6,1,2026-05-22 10:45:13,2026-05-22 10:45:13
6724,490,20,7,1,2026-05-22 10:45:13,2026-05-22 10:45:13
6725,490,24,9,1,2026-05-22 10:45:13,2026-05-22 10:45:13
6726,490,100,11,1,2026-05-22 10:45:13,2026-05-22 10:45:13
6727,490,114,12,1,2026-05-22 10:45:13,2026-05-22 10:45:13
6728,490,116,13,1,2026-05-22 10:45:13,2026-05-22 10:45:13
6729,490,118,14,1,2026-05-22 10:45:13,2026-05-22 10:45:13
6730,490,80,15,1,2026-05-22 10:45:13,2026-05-22 10:45:13
6731,490,93,16,1,2026-05-22 10:45:13,2026-05-22 10:45:13
6732,491,1,1,1,2026-05-22 10:15:03,2026-05-22 10:15:03
6733,491,3,2,1,2026-05-22 10:15:03,2026-05-22 10:15:03
6734,491,4,3,1,2026-05-22 10:15:03,2026-05-22 10:15:03
6735,491,5,4,1,2026-05-22 10:15:03,2026-05-22 10:15:03
6736,491,6,5,1,2026-05-22 10:15:03,2026-05-22 10:15:03
6737,491,20,7,1,2026-05-22 10:15:03,2026-05-22 10:15:03
6738,491,25,10,1,2026-05-22 10:15:03,2026-05-22 10:15:03
6739,491,76,11,1,2026-05-22 10:15:03,2026-05-22 10:15:03
6740,491,102,13,1,2026-05-22 10:15:03,2026-05-22 10:15:03
6741,491,79,14,1,2026-05-22 10:15:03,2026-05-22 10:15:03
6742,491,119,15,1,2026-05-22 10:15:03,2026-05-22 10:15:03
6743,492,1,1,1,2026-05-22 14:48:01,2026-05-22 14:48:01
6744,492,3,2,1,2026-05-22 14:48:01,2026-05-22 14:48:01
6745,492,4,3,1,2026-05-22 14:48:01,2026-05-22 14:48:01
6746,492,5,4,1,2026-05-22 14:48:01,2026-05-22 14:48:01
6747,492,11,6,1,2026-05-22 14:48:01,2026-05-22 14:48:01
6748,492,24,9,1,2026-05-22 14:48:01,2026-05-22 14:48:01
6749,492,25,10,1,2026-05-22 14:48:01,2026-05-22 14:48:01
6750,492,100,11,1,2026-05-22 14:48:01,2026-05-22 14:48:01
6751,492,77,12,1,2026-05-22 14:48:01,2026-05-22 14:48:01
6752,492,78,13,1,2026-05-22 14:48:01,2026-05-22 14:48:01
6753,492,118,14,1,2026-05-22 14:48:01,2026-05-22 14:48:01
6754,492,80,15,1,2026-05-22 14:48:01,2026-05-22 14:48:01
6755,492,110,16,1,2026-05-22 14:48:01,2026-05-22 14:48:01
6756,493,1,1,1,2026-05-22 12:38:42,2026-05-22 12:38:42
6757,493,2,2,1,2026-05-22 12:38:42,2026-05-22 12:38:42
6758,493,4,3,1,2026-05-22 12:38:42,2026-05-22 12:38:42
6759,493,5,4,1,2026-05-22 12:38:42,2026-05-22 12:38:42
6760,493,21,7,1,2026-05-22 12:38:42,2026-05-22 12:38:42
6761,493,24,9,1,2026-05-22 12:38:42,2026-05-22 12:38:42
6762,493,100,11,1,2026-05-22 12:38:42,2026-05-22 12:38:42
6763,493,90,14,1,2026-05-22 12:38:42,2026-05-22 12:38:42
6764,493,104,15,1,2026-05-22 12:38:42,2026-05-22 12:38:42
6765,493,84,16,1,2026-05-22 12:38:42,2026-05-22 12:38:42
6766,494,3,2,1,2026-05-22 14:41:21,2026-05-22 14:41:21
6767,494,4,3,1,2026-05-22 14:41:21,2026-05-22 14:41:21
6768,494,5,4,1,2026-05-22 14:41:21,2026-05-22 14:41:21
6769,494,6,5,1,2026-05-22 14:41:21,2026-05-22 14:41:21
6770,494,16,6,1,2026-05-22 14:41:21,2026-05-22 14:41:21
6771,494,20,7,1,2026-05-22 14:41:21,2026-05-22 14:41:21
6772,494,24,9,1,2026-05-22 14:41:21,2026-05-22 14:41:21
6773,494,25,10,1,2026-05-22 14:41:21,2026-05-22 14:41:21
6774,494,77,12,1,2026-05-22 14:41:21,2026-05-22 14:41:21
6775,494,102,13,1,2026-05-22 14:41:21,2026-05-22 14:41:21
6776,494,118,14,1,2026-05-22 14:41:21,2026-05-22 14:41:21
6777,494,119,15,1,2026-05-22 14:41:21,2026-05-22 14:41:21
6778,494,83,16,1,2026-05-22 14:41:21,2026-05-22 14:41:21
6779,496,1,1,1,2026-05-22 16:41:40,2026-05-22 16:41:40
6780,496,4,3,1,2026-05-22 16:41:40,2026-05-22 16:41:40
6781,496,5,4,1,2026-05-22 16:41:40,2026-05-22 16:41:40
6782,496,6,5,1,2026-05-22 16:41:40,2026-05-22 16:41:40
6783,496,21,7,1,2026-05-22 16:41:40,2026-05-22 16:41:40
6784,496,24,9,1,2026-05-22 16:41:40,2026-05-22 16:41:40
6785,496,25,10,1,2026-05-22 16:41:40,2026-05-22 16:41:40
6786,496,100,11,1,2026-05-22 16:41:40,2026-05-22 16:41:40
6787,496,101,12,1,2026-05-22 16:41:40,2026-05-22 16:41:40
6788,496,102,13,1,2026-05-22 16:41:40,2026-05-22 16:41:40
6789,496,83,16,1,2026-05-22 16:41:40,2026-05-22 16:41:40
6790,497,1,1,1,2026-05-22 17:09:53,2026-05-22 17:09:53
6791,497,3,2,1,2026-05-22 17:09:53,2026-05-22 17:09:53
6792,497,4,3,1,2026-05-22 17:09:53,2026-05-22 17:09:53
6793,497,21,7,1,2026-05-22 17:09:53,2026-05-22 17:09:53
6794,497,24,9,1,2026-05-22 17:09:53,2026-05-22 17:09:53
6795,497,101,12,1,2026-05-22 17:09:53,2026-05-22 17:09:53
6796,497,102,13,1,2026-05-22 17:09:53,2026-05-22 17:09:53
6797,497,90,14,1,2026-05-22 17:09:53,2026-05-22 17:09:53
6798,497,91,15,1,2026-05-22 17:09:53,2026-05-22 17:09:53
6799,498,1,1,1,2026-05-22 11:22:09,2026-05-22 11:22:09
6800,498,2,2,1,2026-05-22 11:22:09,2026-05-22 11:22:09
6801,498,6,5,1,2026-05-22 11:22:09,2026-05-22 11:22:09
6802,498,20,7,1,2026-05-22 11:22:09,2026-05-22 11:22:09
6803,498,24,9,1,2026-05-22 11:22:09,2026-05-22 11:22:09
6804,498,25,10,1,2026-05-22 11:22:09,2026-05-22 11:22:09
6805,498,113,11,1,2026-05-22 11:22:09,2026-05-22 11:22:09
6806,498,114,12,1,2026-05-22 11:22:09,2026-05-22 11:22:09
6807,498,102,13,1,2026-05-22 11:22:09,2026-05-22 11:22:09
6808,500,1,1,1,2026-05-22 14:34:00,2026-05-22 14:34:00
6809,500,2,2,1,2026-05-22 14:34:00,2026-05-22 14:34:00
6810,500,4,3,1,2026-05-22 14:34:00,2026-05-22 14:34:00
6811,500,5,4,1,2026-05-22 14:34:00,2026-05-22 14:34:00
6812,500,6,5,1,2026-05-22 14:34:00,2026-05-22 14:34:00
6813,500,21,7,1,2026-05-22 14:34:00,2026-05-22 14:34:00
6814,500,24,9,1,2026-05-22 14:34:00,2026-05-22 14:34:00
6815,500,25,10,1,2026-05-22 14:34:00,2026-05-22 14:34:00
6816,500,100,11,1,2026-05-22 14:34:00,2026-05-22 14:34:00
6817,500,114,12,1,2026-05-22 14:34:00,2026-05-22 14:34:00
6818,500,89,13,1,2026-05-22 14:34:00,2026-05-22 14:34:00
6819,500,118,14,1,2026-05-22 14:34:00,2026-05-22 14:34:00
6820,500,119,15,1,2026-05-22 14:34:00,2026-05-22 14:34:00
6821,500,81,16,1,2026-05-22 14:34:00,2026-05-22 14:34:00
6822,501,1,1,1,2026-05-22 10:07:12,2026-05-22 10:07:12
6823,501,4,3,1,2026-05-22 10:07:12,2026-05-22 10:07:12
6824,501,5,4,1,2026-05-22 10:07:12,2026-05-22 10:07:12
6825,501,21,7,1,2026-05-22 10:07:12,2026-05-22 10:07:12
6826,501,24,9,1,2026-05-22 10:07:12,2026-05-22 10:07:12
6827,501,100,11,1,2026-05-22 10:07:12,2026-05-22 10:07:12
6828,501,77,12,1,2026-05-22 10:07:12,2026-05-22 10:07:12
6829,501,78,13,1,2026-05-22 10:07:12,2026-05-22 10:07:12
6830,501,118,14,1,2026-05-22 10:07:12,2026-05-22 10:07:12
6831,501,111,16,1,2026-05-22 10:07:12,2026-05-22 10:07:12
6832,503,1,1,1,2026-05-22 17:01:26,2026-05-22 17:01:26
6833,503,4,3,1,2026-05-22 17:01:26,2026-05-22 17:01:26
6834,503,5,4,1,2026-05-22 17:01:26,2026-05-22 17:01:26
6835,503,6,5,1,2026-05-22 17:01:26,2026-05-22 17:01:26
6836,503,12,6,1,2026-05-22 17:01:26,2026-05-22 17:01:26
6837,503,21,7,1,2026-05-22 17:01:26,2026-05-22 17:01:26
6838,503,24,9,1,2026-05-22 17:01:26,2026-05-22 17:01:26
6839,503,25,10,1,2026-05-22 17:01:26,2026-05-22 17:01:26
6840,503,113,11,1,2026-05-22 17:01:26,2026-05-22 17:01:26
6841,503,101,12,1,2026-05-22 17:01:26,2026-05-22 17:01:26
6842,503,116,13,1,2026-05-22 17:01:26,2026-05-22 17:01:26
6843,503,118,14,1,2026-05-22 17:01:26,2026-05-22 17:01:26
6844,503,80,15,1,2026-05-22 17:01:26,2026-05-22 17:01:26
6845,503,95,16,1,2026-05-22 17:01:26,2026-05-22 17:01:26
6846,504,3,2,1,2026-05-22 13:14:35,2026-05-22 13:14:35
6847,504,4,3,1,2026-05-22 13:14:35,2026-05-22 13:14:35
6848,504,5,4,1,2026-05-22 13:14:35,2026-05-22 13:14:35
6849,504,6,5,1,2026-05-22 13:14:35,2026-05-22 13:14:35
6850,504,19,6,1,2026-05-22 13:14:35,2026-05-22 13:14:35
6851,504,20,7,1,2026-05-22 13:14:35,2026-05-22 13:14:35
6852,504,24,9,1,2026-05-22 13:14:35,2026-05-22 13:14:35
6853,504,25,10,1,2026-05-22 13:14:35,2026-05-22 13:14:35
6854,504,113,11,1,2026-05-22 13:14:35,2026-05-22 13:14:35
6855,504,88,12,1,2026-05-22 13:14:35,2026-05-22 13:14:35
6856,504,89,13,1,2026-05-22 13:14:35,2026-05-22 13:14:35
6857,504,90,14,1,2026-05-22 13:14:35,2026-05-22 13:14:35
6858,504,91,15,1,2026-05-22 13:14:35,2026-05-22 13:14:35
6859,504,123,16,1,2026-05-22 13:14:35,2026-05-22 13:14:35
6860,507,1,1,1,2026-05-22 09:50:12,2026-05-22 09:50:12
6861,507,3,2,1,2026-05-22 09:50:12,2026-05-22 09:50:12
6862,507,4,3,1,2026-05-22 09:50:12,2026-05-22 09:50:12
6863,507,5,4,1,2026-05-22 09:50:12,2026-05-22 09:50:12
6864,507,6,5,1,2026-05-22 09:50:12,2026-05-22 09:50:12
6865,507,18,6,1,2026-05-22 09:50:12,2026-05-22 09:50:12
6866,507,20,7,1,2026-05-22 09:50:12,2026-05-22 09:50:12
6867,507,24,9,1,2026-05-22 09:50:12,2026-05-22 09:50:12
6868,507,25,10,1,2026-05-22 09:50:12,2026-05-22 09:50:12
6869,507,100,11,1,2026-05-22 09:50:12,2026-05-22 09:50:12
6870,507,101,12,1,2026-05-22 09:50:12,2026-05-22 09:50:12
6871,507,78,13,1,2026-05-22 09:50:12,2026-05-22 09:50:12
6872,507,103,14,1,2026-05-22 09:50:12,2026-05-22 09:50:12
6873,507,91,15,1,2026-05-22 09:50:12,2026-05-22 09:50:12
6874,507,127,16,1,2026-05-22 09:50:12,2026-05-22 09:50:12
6875,512,1,1,1,2026-05-22 09:53:45,2026-05-22 09:53:45
6876,512,3,2,1,2026-05-22 09:53:45,2026-05-22 09:53:45
6877,512,5,4,1,2026-05-22 09:53:45,2026-05-22 09:53:45
6878,512,6,5,1,2026-05-22 09:53:45,2026-05-22 09:53:45
6879,512,8,6,1,2026-05-22 09:53:45,2026-05-22 09:53:45
6880,512,20,7,1,2026-05-22 09:53:45,2026-05-22 09:53:45
6881,512,24,9,1,2026-05-22 09:53:45,2026-05-22 09:53:45
6882,512,25,10,1,2026-05-22 09:53:45,2026-05-22 09:53:45
6883,512,87,11,1,2026-05-22 09:53:45,2026-05-22 09:53:45
6884,512,77,12,1,2026-05-22 09:53:45,2026-05-22 09:53:45
6885,512,89,13,1,2026-05-22 09:53:45,2026-05-22 09:53:45
6886,512,118,14,1,2026-05-22 09:53:45,2026-05-22 09:53:45
6887,512,119,15,1,2026-05-22 09:53:45,2026-05-22 09:53:45
6888,512,81,16,1,2026-05-22 09:53:45,2026-05-22 09:53:45
6889,513,1,1,1,2026-05-22 12:27:57,2026-05-22 12:27:57
6890,513,2,2,1,2026-05-22 12:27:57,2026-05-22 12:27:57
6891,513,4,3,1,2026-05-22 12:27:57,2026-05-22 12:27:57
6892,513,5,4,1,2026-05-22 12:27:57,2026-05-22 12:27:57
6893,513,6,5,1,2026-05-22 12:27:57,2026-05-22 12:27:57
6894,513,15,6,1,2026-05-22 12:27:57,2026-05-22 12:27:57
6895,513,21,7,1,2026-05-22 12:27:57,2026-05-22 12:27:57
6896,513,24,9,1,2026-05-22 12:27:57,2026-05-22 12:27:57
6897,513,25,10,1,2026-05-22 12:27:57,2026-05-22 12:27:57
6898,513,113,11,1,2026-05-22 12:27:57,2026-05-22 12:27:57
6899,513,88,12,1,2026-05-22 12:27:57,2026-05-22 12:27:57
6900,513,78,13,1,2026-05-22 12:27:57,2026-05-22 12:27:57
6901,513,79,14,1,2026-05-22 12:27:57,2026-05-22 12:27:57
6902,513,80,15,1,2026-05-22 12:27:57,2026-05-22 12:27:57
6903,513,108,16,1,2026-05-22 12:27:57,2026-05-22 12:27:57
6904,515,1,1,1,2026-05-22 13:43:51,2026-05-22 13:43:51
6905,515,4,3,1,2026-05-22 13:43:51,2026-05-22 13:43:51
6906,515,6,5,1,2026-05-22 13:43:51,2026-05-22 13:43:51
6907,515,14,6,1,2026-05-22 13:43:51,2026-05-22 13:43:51
6908,515,21,7,1,2026-05-22 13:43:51,2026-05-22 13:43:51
6909,515,25,10,1,2026-05-22 13:43:51,2026-05-22 13:43:51
6910,515,100,11,1,2026-05-22 13:43:51,2026-05-22 13:43:51
6911,515,88,12,1,2026-05-22 13:43:51,2026-05-22 13:43:51
6912,515,116,13,1,2026-05-22 13:43:51,2026-05-22 13:43:51
6913,515,118,14,1,2026-05-22 13:43:51,2026-05-22 13:43:51
6914,515,91,15,1,2026-05-22 13:43:51,2026-05-22 13:43:51
6915,515,128,16,1,2026-05-22 13:43:51,2026-05-22 13:43:51
6916,516,1,1,1,2026-05-22 16:02:56,2026-05-22 16:02:56
6917,516,2,2,1,2026-05-22 16:02:56,2026-05-22 16:02:56
6918,516,4,3,1,2026-05-22 16:02:56,2026-05-22 16:02:56
6919,516,5,4,1,2026-05-22 16:02:56,2026-05-22 16:02:56
6920,516,6,5,1,2026-05-22 16:02:56,2026-05-22 16:02:56
6921,516,9,6,1,2026-05-22 16:02:56,2026-05-22 16:02:56
6922,516,20,7,1,2026-05-22 16:02:56,2026-05-22 16:02:56
6923,516,25,10,1,2026-05-22 16:02:56,2026-05-22 16:02:56
6924,516,100,11,1,2026-05-22 16:02:56,2026-05-22 16:02:56
6925,516,88,12,1,2026-05-22 16:02:56,2026-05-22 16:02:56
6926,516,102,13,1,2026-05-22 16:02:56,2026-05-22 16:02:56
6927,516,118,14,1,2026-05-22 16:02:56,2026-05-22 16:02:56
6928,516,80,15,1,2026-05-22 16:02:56,2026-05-22 16:02:56
6929,516,82,16,1,2026-05-22 16:02:56,2026-05-22 16:02:56
6930,517,1,1,1,2026-05-22 14:47:23,2026-05-22 14:47:23
6931,517,3,2,1,2026-05-22 14:47:23,2026-05-22 14:47:23
6932,517,6,5,1,2026-05-22 14:47:23,2026-05-22 14:47:23
6933,517,19,6,1,2026-05-22 14:47:23,2026-05-22 14:47:23
6934,517,24,9,1,2026-05-22 14:47:23,2026-05-22 14:47:23
6935,517,25,10,1,2026-05-22 14:47:23,2026-05-22 14:47:23
6936,517,101,12,1,2026-05-22 14:47:23,2026-05-22 14:47:23
6937,517,102,13,1,2026-05-22 14:47:23,2026-05-22 14:47:23
6938,517,90,14,1,2026-05-22 14:47:23,2026-05-22 14:47:23
6939,517,119,15,1,2026-05-22 14:47:23,2026-05-22 14:47:23
6940,517,127,16,1,2026-05-22 14:47:23,2026-05-22 14:47:23
6941,518,3,2,1,2026-05-22 12:30:28,2026-05-22 12:30:28
6942,518,4,3,1,2026-05-22 12:30:28,2026-05-22 12:30:28
6943,518,5,4,1,2026-05-22 12:30:28,2026-05-22 12:30:28
6944,518,8,6,1,2026-05-22 12:30:28,2026-05-22 12:30:28
6945,518,24,9,1,2026-05-22 12:30:28,2026-05-22 12:30:28
6946,518,25,10,1,2026-05-22 12:30:28,2026-05-22 12:30:28
6947,518,87,11,1,2026-05-22 12:30:28,2026-05-22 12:30:28
6948,518,114,12,1,2026-05-22 12:30:28,2026-05-22 12:30:28
6949,518,97,16,1,2026-05-22 12:30:28,2026-05-22 12:30:28
6950,519,12,6,1,2026-05-22 16:07:19,2026-05-22 16:07:19
6951,519,21,7,1,2026-05-22 16:07:19,2026-05-22 16:07:19
6952,519,24,9,1,2026-05-22 16:07:19,2026-05-22 16:07:19
6953,519,25,10,1,2026-05-22 16:07:19,2026-05-22 16:07:19
6954,519,113,11,1,2026-05-22 16:07:19,2026-05-22 16:07:19
6955,519,114,12,1,2026-05-22 16:07:19,2026-05-22 16:07:19
6956,519,89,13,1,2026-05-22 16:07:19,2026-05-22 16:07:19
6957,519,90,14,1,2026-05-22 16:07:19,2026-05-22 16:07:19
6958,519,91,15,1,2026-05-22 16:07:19,2026-05-22 16:07:19
6959,523,1,1,1,2026-05-22 16:49:29,2026-05-22 16:49:29
6960,523,2,2,1,2026-05-22 16:49:29,2026-05-22 16:49:29
6961,523,4,3,1,2026-05-22 16:49:29,2026-05-22 16:49:29
6962,523,5,4,1,2026-05-22 16:49:29,2026-05-22 16:49:29
6963,523,6,5,1,2026-05-22 16:49:29,2026-05-22 16:49:29
6964,523,18,6,1,2026-05-22 16:49:29,2026-05-22 16:49:29
6965,523,24,9,1,2026-05-22 16:49:29,2026-05-22 16:49:29
6966,523,25,10,1,2026-05-22 16:49:29,2026-05-22 16:49:29
6967,523,100,11,1,2026-05-22 16:49:29,2026-05-22 16:49:29
6968,523,101,12,1,2026-05-22 16:49:29,2026-05-22 16:49:29
6969,523,102,13,1,2026-05-22 16:49:29,2026-05-22 16:49:29
6970,523,103,14,1,2026-05-22 16:49:29,2026-05-22 16:49:29
6971,523,104,15,1,2026-05-22 16:49:29,2026-05-22 16:49:29
6972,523,123,16,1,2026-05-22 16:49:29,2026-05-22 16:49:29
6973,524,1,1,1,2026-05-22 08:30:33,2026-05-22 08:30:33
6974,524,3,2,1,2026-05-22 08:30:33,2026-05-22 08:30:33
6975,524,4,3,1,2026-05-22 08:30:33,2026-05-22 08:30:33
6976,524,5,4,1,2026-05-22 08:30:33,2026-05-22 08:30:33
6977,524,6,5,1,2026-05-22 08:30:33,2026-05-22 08:30:33
6978,524,14,6,1,2026-05-22 08:30:33,2026-05-22 08:30:33
6979,524,21,7,1,2026-05-22 08:30:33,2026-05-22 08:30:33
6980,524,24,9,1,2026-05-22 08:30:33,2026-05-22 08:30:33
6981,524,25,10,1,2026-05-22 08:30:33,2026-05-22 08:30:33
6982,524,87,11,1,2026-05-22 08:30:33,2026-05-22 08:30:33
6983,524,114,12,1,2026-05-22 08:30:33,2026-05-22 08:30:33
6984,524,116,13,1,2026-05-22 08:30:33,2026-05-22 08:30:33
6985,524,118,14,1,2026-05-22 08:30:33,2026-05-22 08:30:33
6986,524,91,15,1,2026-05-22 08:30:33,2026-05-22 08:30:33
6987,524,108,16,1,2026-05-22 08:30:33,2026-05-22 08:30:33
6988,526,1,1,1,2026-05-22 09:37:33,2026-05-22 09:37:33
6989,526,3,2,1,2026-05-22 09:37:33,2026-05-22 09:37:33
6990,526,4,3,1,2026-05-22 09:37:33,2026-05-22 09:37:33
6991,526,5,4,1,2026-05-22 09:37:33,2026-05-22 09:37:33
6992,526,6,5,1,2026-05-22 09:37:33,2026-05-22 09:37:33
6993,526,19,6,1,2026-05-22 09:37:33,2026-05-22 09:37:33
6994,526,20,7,1,2026-05-22 09:37:33,2026-05-22 09:37:33
6995,526,24,9,1,2026-05-22 09:37:33,2026-05-22 09:37:33
6996,526,25,10,1,2026-05-22 09:37:33,2026-05-22 09:37:33
6997,526,76,11,1,2026-05-22 09:37:33,2026-05-22 09:37:33
6998,526,77,12,1,2026-05-22 09:37:33,2026-05-22 09:37:33
6999,526,89,13,1,2026-05-22 09:37:33,2026-05-22 09:37:33
7000,526,79,14,1,2026-05-22 09:37:33,2026-05-22 09:37:33
7001,526,104,15,1,2026-05-22 09:37:33,2026-05-22 09:37:33
7002,526,97,16,1,2026-05-22 09:37:33,2026-05-22 09:37:33
7003,527,1,1,1,2026-05-22 12:27:55,2026-05-22 12:27:55
7004,527,2,2,1,2026-05-22 12:27:55,2026-05-22 12:27:55
7005,527,4,3,1,2026-05-22 12:27:55,2026-05-22 12:27:55
7006,527,5,4,1,2026-05-22 12:27:55,2026-05-22 12:27:55
7007,527,6,5,1,2026-05-22 12:27:55,2026-05-22 12:27:55
7008,527,8,6,1,2026-05-22 12:27:55,2026-05-22 12:27:55
7009,527,20,7,1,2026-05-22 12:27:55,2026-05-22 12:27:55
7010,527,24,9,1,2026-05-22 12:27:55,2026-05-22 12:27:55
7011,527,25,10,1,2026-05-22 12:27:55,2026-05-22 12:27:55
7012,527,100,11,1,2026-05-22 12:27:55,2026-05-22 12:27:55
7013,527,88,12,1,2026-05-22 12:27:55,2026-05-22 12:27:55
7014,527,89,13,1,2026-05-22 12:27:55,2026-05-22 12:27:55
7015,527,103,14,1,2026-05-22 12:27:55,2026-05-22 12:27:55
7016,527,80,15,1,2026-05-22 12:27:55,2026-05-22 12:27:55
7017,527,93,16,1,2026-05-22 12:27:55,2026-05-22 12:27:55
7018,529,1,1,1,2026-05-22 13:35:06,2026-05-22 13:35:06
7019,529,4,3,1,2026-05-22 13:35:06,2026-05-22 13:35:06
7020,529,5,4,1,2026-05-22 13:35:06,2026-05-22 13:35:06
7021,529,12,6,1,2026-05-22 13:35:06,2026-05-22 13:35:06
7022,529,21,7,1,2026-05-22 13:35:06,2026-05-22 13:35:06
7023,529,24,9,1,2026-05-22 13:35:06,2026-05-22 13:35:06
7024,529,25,10,1,2026-05-22 13:35:06,2026-05-22 13:35:06
7025,529,87,11,1,2026-05-22 13:35:06,2026-05-22 13:35:06
7026,529,88,12,1,2026-05-22 13:35:06,2026-05-22 13:35:06
7027,529,89,13,1,2026-05-22 13:35:06,2026-05-22 13:35:06
7028,529,118,14,1,2026-05-22 13:35:06,2026-05-22 13:35:06
7029,529,119,15,1,2026-05-22 13:35:06,2026-05-22 13:35:06
7030,533,1,1,1,2026-05-22 10:05:41,2026-05-22 10:05:41
7031,533,3,2,1,2026-05-22 10:05:41,2026-05-22 10:05:41
7032,533,5,4,1,2026-05-22 10:05:41,2026-05-22 10:05:41
7033,533,11,6,1,2026-05-22 10:05:41,2026-05-22 10:05:41
7034,533,20,7,1,2026-05-22 10:05:41,2026-05-22 10:05:41
7035,533,24,9,1,2026-05-22 10:05:41,2026-05-22 10:05:41
7036,533,25,10,1,2026-05-22 10:05:41,2026-05-22 10:05:41
7037,533,113,11,1,2026-05-22 10:05:41,2026-05-22 10:05:41
7038,533,79,14,1,2026-05-22 10:05:41,2026-05-22 10:05:41
7039,533,91,15,1,2026-05-22 10:05:41,2026-05-22 10:05:41
7040,533,93,16,1,2026-05-22 10:05:41,2026-05-22 10:05:41
7041,534,1,1,1,2026-05-22 14:47:44,2026-05-22 14:47:44
7042,534,4,3,1,2026-05-22 14:47:44,2026-05-22 14:47:44
7043,534,5,4,1,2026-05-22 14:47:44,2026-05-22 14:47:44
7044,534,6,5,1,2026-05-22 14:47:44,2026-05-22 14:47:44
7045,534,12,6,1,2026-05-22 14:47:44,2026-05-22 14:47:44
7046,534,21,7,1,2026-05-22 14:47:44,2026-05-22 14:47:44
7047,534,24,9,1,2026-05-22 14:47:44,2026-05-22 14:47:44
7048,534,25,10,1,2026-05-22 14:47:44,2026-05-22 14:47:44
7049,534,87,11,1,2026-05-22 14:47:44,2026-05-22 14:47:44
7050,534,102,13,1,2026-05-22 14:47:44,2026-05-22 14:47:44
7051,534,79,14,1,2026-05-22 14:47:44,2026-05-22 14:47:44
7052,534,91,15,1,2026-05-22 14:47:44,2026-05-22 14:47:44
7053,534,128,16,1,2026-05-22 14:47:44,2026-05-22 14:47:44
7054,535,3,2,1,2026-05-22 09:16:23,2026-05-22 09:16:23
7055,535,4,3,1,2026-05-22 09:16:23,2026-05-22 09:16:23
7056,535,6,5,1,2026-05-22 09:16:23,2026-05-22 09:16:23
7057,535,16,6,1,2026-05-22 09:16:23,2026-05-22 09:16:23
7058,535,21,7,1,2026-05-22 09:16:23,2026-05-22 09:16:23
7059,535,25,10,1,2026-05-22 09:16:23,2026-05-22 09:16:23
7060,535,100,11,1,2026-05-22 09:16:23,2026-05-22 09:16:23
7061,535,102,13,1,2026-05-22 09:16:23,2026-05-22 09:16:23
7062,535,90,14,1,2026-05-22 09:16:23,2026-05-22 09:16:23
7063,535,119,15,1,2026-05-22 09:16:23,2026-05-22 09:16:23
7064,535,108,16,1,2026-05-22 09:16:23,2026-05-22 09:16:23
7065,536,1,1,1,2026-05-22 08:17:20,2026-05-22 08:17:20
7066,536,4,3,1,2026-05-22 08:17:20,2026-05-22 08:17:20
7067,536,5,4,1,2026-05-22 08:17:20,2026-05-22 08:17:20
7068,536,6,5,1,2026-05-22 08:17:20,2026-05-22 08:17:20
7069,536,14,6,1,2026-05-22 08:17:20,2026-05-22 08:17:20
7070,536,21,7,1,2026-05-22 08:17:20,2026-05-22 08:17:20
7071,536,24,9,1,2026-05-22 08:17:20,2026-05-22 08:17:20
7072,536,25,10,1,2026-05-22 08:17:20,2026-05-22 08:17:20
7073,536,87,11,1,2026-05-22 08:17:20,2026-05-22 08:17:20
7074,536,77,12,1,2026-05-22 08:17:20,2026-05-22 08:17:20
7075,536,78,13,1,2026-05-22 08:17:20,2026-05-22 08:17:20
7076,536,118,14,1,2026-05-22 08:17:20,2026-05-22 08:17:20
7077,536,104,15,1,2026-05-22 08:17:20,2026-05-22 08:17:20
7078,536,97,16,1,2026-05-22 08:17:20,2026-05-22 08:17:20
7079,537,1,1,1,2026-05-22 16:05:35,2026-05-22 16:05:35
7080,537,2,2,1,2026-05-22 16:05:35,2026-05-22 16:05:35
7081,537,5,4,1,2026-05-22 16:05:35,2026-05-22 16:05:35
7082,537,6,5,1,2026-05-22 16:05:35,2026-05-22 16:05:35
7083,537,14,6,1,2026-05-22 16:05:35,2026-05-22 16:05:35
7084,537,20,7,1,2026-05-22 16:05:35,2026-05-22 16:05:35
7085,537,101,12,1,2026-05-22 16:05:35,2026-05-22 16:05:35
7086,537,116,13,1,2026-05-22 16:05:35,2026-05-22 16:05:35
7087,537,97,16,1,2026-05-22 16:05:35,2026-05-22 16:05:35
7088,539,2,2,1,2026-05-22 08:07:47,2026-05-22 08:07:47
7089,539,6,5,1,2026-05-22 08:07:47,2026-05-22 08:07:47
7090,539,20,7,1,2026-05-22 08:07:47,2026-05-22 08:07:47
7091,539,24,9,1,2026-05-22 08:07:47,2026-05-22 08:07:47
7092,539,25,10,1,2026-05-22 08:07:47,2026-05-22 08:07:47
7093,539,87,11,1,2026-05-22 08:07:47,2026-05-22 08:07:47
7094,539,101,12,1,2026-05-22 08:07:47,2026-05-22 08:07:47
7095,539,89,13,1,2026-05-22 08:07:47,2026-05-22 08:07:47
7096,539,104,15,1,2026-05-22 08:07:47,2026-05-22 08:07:47
7097,539,97,16,1,2026-05-22 08:07:47,2026-05-22 08:07:47
7098,542,1,1,1,2026-05-22 08:25:15,2026-05-22 08:25:15
7099,542,2,2,1,2026-05-22 08:25:15,2026-05-22 08:25:15
7100,542,4,3,1,2026-05-22 08:25:15,2026-05-22 08:25:15
7101,542,5,4,1,2026-05-22 08:25:15,2026-05-22 08:25:15
7102,542,6,5,1,2026-05-22 08:25:15,2026-05-22 08:25:15
7103,542,18,6,1,2026-05-22 08:25:15,2026-05-22 08:25:15
7104,542,20,7,1,2026-05-22 08:25:15,2026-05-22 08:25:15
7105,542,24,9,1,2026-05-22 08:25:15,2026-05-22 08:25:15
7106,542,25,10,1,2026-05-22 08:25:15,2026-05-22 08:25:15
7107,542,100,11,1,2026-05-22 08:25:15,2026-05-22 08:25:15
7108,542,114,12,1,2026-05-22 08:25:15,2026-05-22 08:25:15
7109,542,118,14,1,2026-05-22 08:25:15,2026-05-22 08:25:15
7110,542,104,15,1,2026-05-22 08:25:15,2026-05-22 08:25:15
7111,542,81,16,1,2026-05-22 08:25:15,2026-05-22 08:25:15
7112,543,1,1,1,2026-05-22 15:08:00,2026-05-22 15:08:00
7113,543,3,2,1,2026-05-22 15:08:00,2026-05-22 15:08:00
7114,543,5,4,1,2026-05-22 15:08:00,2026-05-22 15:08:00
7115,543,8,6,1,2026-05-22 15:08:00,2026-05-22 15:08:00
7116,543,20,7,1,2026-05-22 15:08:00,2026-05-22 15:08:00
7117,543,25,10,1,2026-05-22 15:08:00,2026-05-22 15:08:00
7118,543,113,11,1,2026-05-22 15:08:00,2026-05-22 15:08:00
7119,543,77,12,1,2026-05-22 15:08:00,2026-05-22 15:08:00
7120,543,103,14,1,2026-05-22 15:08:00,2026-05-22 15:08:00
7121,543,104,15,1,2026-05-22 15:08:00,2026-05-22 15:08:00
7122,545,1,1,1,2026-05-22 12:29:57,2026-05-22 12:29:57
7123,545,2,2,1,2026-05-22 12:29:57,2026-05-22 12:29:57
7124,545,5,4,1,2026-05-22 12:29:57,2026-05-22 12:29:57
7125,545,19,6,1,2026-05-22 12:29:57,2026-05-22 12:29:57
7126,545,20,7,1,2026-05-22 12:29:57,2026-05-22 12:29:57
7127,545,24,9,1,2026-05-22 12:29:57,2026-05-22 12:29:57
7128,545,25,10,1,2026-05-22 12:29:57,2026-05-22 12:29:57
7129,545,79,14,1,2026-05-22 12:29:57,2026-05-22 12:29:57
7130,545,119,15,1,2026-05-22 12:29:57,2026-05-22 12:29:57
7131,548,1,1,1,2026-05-22 13:42:11,2026-05-22 13:42:11
7132,548,3,2,1,2026-05-22 13:42:11,2026-05-22 13:42:11
7133,548,4,3,1,2026-05-22 13:42:11,2026-05-22 13:42:11
7134,548,5,4,1,2026-05-22 13:42:11,2026-05-22 13:42:11
7135,548,6,5,1,2026-05-22 13:42:11,2026-05-22 13:42:11
7136,548,11,6,1,2026-05-22 13:42:11,2026-05-22 13:42:11
7137,548,20,7,1,2026-05-22 13:42:11,2026-05-22 13:42:11
7138,548,24,9,1,2026-05-22 13:42:11,2026-05-22 13:42:11
7139,548,25,10,1,2026-05-22 13:42:11,2026-05-22 13:42:11
7140,548,113,11,1,2026-05-22 13:42:11,2026-05-22 13:42:11
7141,548,114,12,1,2026-05-22 13:42:11,2026-05-22 13:42:11
7142,548,78,13,1,2026-05-22 13:42:11,2026-05-22 13:42:11
7143,548,103,14,1,2026-05-22 13:42:11,2026-05-22 13:42:11
7144,548,80,15,1,2026-05-22 13:42:11,2026-05-22 13:42:11
7145,548,121,16,1,2026-05-22 13:42:11,2026-05-22 13:42:11
7146,550,1,1,1,2026-05-22 17:24:56,2026-05-22 17:24:56
7147,550,3,2,1,2026-05-22 17:24:56,2026-05-22 17:24:56
7148,550,5,4,1,2026-05-22 17:24:56,2026-05-22 17:24:56
7149,550,6,5,1,2026-05-22 17:24:56,2026-05-22 17:24:56
7150,550,21,7,1,2026-05-22 17:24:56,2026-05-22 17:24:56
7151,550,25,10,1,2026-05-22 17:24:56,2026-05-22 17:24:56
7152,550,87,11,1,2026-05-22 17:24:56,2026-05-22 17:24:56
7153,550,89,13,1,2026-05-22 17:24:56,2026-05-22 17:24:56
7154,550,79,14,1,2026-05-22 17:24:56,2026-05-22 17:24:56
7155,550,80,15,1,2026-05-22 17:24:56,2026-05-22 17:24:56
7156,550,93,16,1,2026-05-22 17:24:56,2026-05-22 17:24:56
7157,551,3,2,1,2026-05-22 13:40:25,2026-05-22 13:40:25
7158,551,4,3,1,2026-05-22 13:40:25,2026-05-22 13:40:25
7159,551,5,4,1,2026-05-22 13:40:25,2026-05-22 13:40:25
7160,551,6,5,1,2026-05-22 13:40:25,2026-05-22 13:40:25
7161,551,11,6,1,2026-05-22 13:40:25,2026-05-22 13:40:25
7162,551,20,7,1,2026-05-22 13:40:25,2026-05-22 13:40:25
7163,551,24,9,1,2026-05-22 13:40:25,2026-05-22 13:40:25
7164,551,25,10,1,2026-05-22 13:40:25,2026-05-22 13:40:25
7165,551,87,11,1,2026-05-22 13:40:25,2026-05-22 13:40:25
7166,551,88,12,1,2026-05-22 13:40:25,2026-05-22 13:40:25
7167,551,90,14,1,2026-05-22 13:40:25,2026-05-22 13:40:25
7168,551,80,15,1,2026-05-22 13:40:25,2026-05-22 13:40:25
7169,551,108,16,1,2026-05-22 13:40:25,2026-05-22 13:40:25
7170,552,1,1,1,2026-05-22 11:26:49,2026-05-22 11:26:49
7171,552,2,2,1,2026-05-22 11:26:49,2026-05-22 11:26:49
7172,552,4,3,1,2026-05-22 11:26:49,2026-05-22 11:26:49
7173,552,5,4,1,2026-05-22 11:26:49,2026-05-22 11:26:49
7174,552,6,5,1,2026-05-22 11:26:49,2026-05-22 11:26:49
7175,552,16,6,1,2026-05-22 11:26:49,2026-05-22 11:26:49
7176,552,20,7,1,2026-05-22 11:26:49,2026-05-22 11:26:49
7177,552,24,9,1,2026-05-22 11:26:49,2026-05-22 11:26:49
7178,552,113,11,1,2026-05-22 11:26:49,2026-05-22 11:26:49
7179,552,101,12,1,2026-05-22 11:26:49,2026-05-22 11:26:49
7180,552,116,13,1,2026-05-22 11:26:49,2026-05-22 11:26:49
7181,552,90,14,1,2026-05-22 11:26:49,2026-05-22 11:26:49
7182,552,119,15,1,2026-05-22 11:26:49,2026-05-22 11:26:49
7183,552,95,16,1,2026-05-22 11:26:49,2026-05-22 11:26:49
7184,554,1,1,1,2026-05-22 08:07:20,2026-05-22 08:07:20
7185,554,2,2,1,2026-05-22 08:07:20,2026-05-22 08:07:20
7186,554,4,3,1,2026-05-22 08:07:20,2026-05-22 08:07:20
7187,554,5,4,1,2026-05-22 08:07:20,2026-05-22 08:07:20
7188,554,6,5,1,2026-05-22 08:07:20,2026-05-22 08:07:20
7189,554,12,6,1,2026-05-22 08:07:20,2026-05-22 08:07:20
7190,554,24,9,1,2026-05-22 08:07:20,2026-05-22 08:07:20
7191,554,25,10,1,2026-05-22 08:07:20,2026-05-22 08:07:20
7192,554,100,11,1,2026-05-22 08:07:20,2026-05-22 08:07:20
7193,554,91,15,1,2026-05-22 08:07:20,2026-05-22 08:07:20
7194,554,108,16,1,2026-05-22 08:07:20,2026-05-22 08:07:20
7195,556,1,1,1,2026-05-22 12:28:39,2026-05-22 12:28:39
7196,556,2,2,1,2026-05-22 12:28:39,2026-05-22 12:28:39
7197,556,4,3,1,2026-05-22 12:28:39,2026-05-22 12:28:39
7198,556,5,4,1,2026-05-22 12:28:39,2026-05-22 12:28:39
7199,556,6,5,1,2026-05-22 12:28:39,2026-05-22 12:28:39
7200,556,14,6,1,2026-05-22 12:28:39,2026-05-22 12:28:39
7201,556,21,7,1,2026-05-22 12:28:39,2026-05-22 12:28:39
7202,556,87,11,1,2026-05-22 12:28:39,2026-05-22 12:28:39
7203,556,118,14,1,2026-05-22 12:28:39,2026-05-22 12:28:39
7204,556,80,15,1,2026-05-22 12:28:39,2026-05-22 12:28:39
7205,558,4,3,1,2026-05-22 10:09:25,2026-05-22 10:09:25
7206,558,5,4,1,2026-05-22 10:09:25,2026-05-22 10:09:25
7207,558,6,5,1,2026-05-22 10:09:25,2026-05-22 10:09:25
7208,558,19,6,1,2026-05-22 10:09:25,2026-05-22 10:09:25
7209,558,20,7,1,2026-05-22 10:09:25,2026-05-22 10:09:25
7210,558,25,10,1,2026-05-22 10:09:25,2026-05-22 10:09:25
7211,558,89,13,1,2026-05-22 10:09:25,2026-05-22 10:09:25
7212,558,103,14,1,2026-05-22 10:09:25,2026-05-22 10:09:25
7213,558,91,15,1,2026-05-22 10:09:25,2026-05-22 10:09:25
7214,558,82,16,1,2026-05-22 10:09:25,2026-05-22 10:09:25
7215,559,1,1,1,2026-05-22 13:05:54,2026-05-22 13:05:54
7216,559,3,2,1,2026-05-22 13:05:54,2026-05-22 13:05:54
7217,559,4,3,1,2026-05-22 13:05:54,2026-05-22 13:05:54
7218,559,5,4,1,2026-05-22 13:05:54,2026-05-22 13:05:54
7219,559,6,5,1,2026-05-22 13:05:54,2026-05-22 13:05:54
7220,559,18,6,1,2026-05-22 13:05:54,2026-05-22 13:05:54
7221,559,21,7,1,2026-05-22 13:05:54,2026-05-22 13:05:54
7222,559,24,9,1,2026-05-22 13:05:54,2026-05-22 13:05:54
7223,559,25,10,1,2026-05-22 13:05:54,2026-05-22 13:05:54
7224,559,100,11,1,2026-05-22 13:05:54,2026-05-22 13:05:54
7225,559,114,12,1,2026-05-22 13:05:54,2026-05-22 13:05:54
7226,559,78,13,1,2026-05-22 13:05:54,2026-05-22 13:05:54
7227,559,90,14,1,2026-05-22 13:05:54,2026-05-22 13:05:54
7228,559,91,15,1,2026-05-22 13:05:54,2026-05-22 13:05:54
7229,559,97,16,1,2026-05-22 13:05:54,2026-05-22 13:05:54
7230,560,1,1,1,2026-05-22 16:13:47,2026-05-22 16:13:47
7231,560,2,2,1,2026-05-22 16:13:47,2026-05-22 16:13:47
7232,560,4,3,1,2026-05-22 16:13:47,2026-05-22 16:13:47
7233,560,5,4,1,2026-05-22 16:13:47,2026-05-22 16:13:47
7234,560,6,5,1,2026-05-22 16:13:47,2026-05-22 16:13:47
7235,560,15,6,1,2026-05-22 16:13:47,2026-05-22 16:13:47
7236,560,21,7,1,2026-05-22 16:13:47,2026-05-22 16:13:47
7237,560,24,9,1,2026-05-22 16:13:47,2026-05-22 16:13:47
7238,560,25,10,1,2026-05-22 16:13:47,2026-05-22 16:13:47
7239,560,113,11,1,2026-05-22 16:13:47,2026-05-22 16:13:47
7240,560,101,12,1,2026-05-22 16:13:47,2026-05-22 16:13:47
7241,560,116,13,1,2026-05-22 16:13:47,2026-05-22 16:13:47
7242,560,103,14,1,2026-05-22 16:13:47,2026-05-22 16:13:47
7243,560,104,15,1,2026-05-22 16:13:47,2026-05-22 16:13:47
7244,560,110,16,1,2026-05-22 16:13:47,2026-05-22 16:13:47
7245,562,2,2,1,2026-05-22 08:26:59,2026-05-22 08:26:59
7246,562,5,4,1,2026-05-22 08:26:59,2026-05-22 08:26:59
7247,562,6,5,1,2026-05-22 08:26:59,2026-05-22 08:26:59
7248,562,8,6,1,2026-05-22 08:26:59,2026-05-22 08:26:59
7249,562,20,7,1,2026-05-22 08:26:59,2026-05-22 08:26:59
7250,562,24,9,1,2026-05-22 08:26:59,2026-05-22 08:26:59
7251,562,101,12,1,2026-05-22 08:26:59,2026-05-22 08:26:59
7252,562,78,13,1,2026-05-22 08:26:59,2026-05-22 08:26:59
7253,562,90,14,1,2026-05-22 08:26:59,2026-05-22 08:26:59
7254,562,108,16,1,2026-05-22 08:26:59,2026-05-22 08:26:59
7255,564,1,1,1,2026-05-22 11:34:47,2026-05-22 11:34:47
7256,564,3,2,1,2026-05-22 11:34:47,2026-05-22 11:34:47
7257,564,4,3,1,2026-05-22 11:34:47,2026-05-22 11:34:47
7258,564,5,4,1,2026-05-22 11:34:47,2026-05-22 11:34:47
7259,564,6,5,1,2026-05-22 11:34:47,2026-05-22 11:34:47
7260,564,16,6,1,2026-05-22 11:34:47,2026-05-22 11:34:47
7261,564,20,7,1,2026-05-22 11:34:47,2026-05-22 11:34:47
7262,564,24,9,1,2026-05-22 11:34:47,2026-05-22 11:34:47
7263,564,87,11,1,2026-05-22 11:34:47,2026-05-22 11:34:47
7264,564,88,12,1,2026-05-22 11:34:47,2026-05-22 11:34:47
7265,564,89,13,1,2026-05-22 11:34:47,2026-05-22 11:34:47
7266,564,118,14,1,2026-05-22 11:34:47,2026-05-22 11:34:47
7267,564,91,15,1,2026-05-22 11:34:47,2026-05-22 11:34:47
7268,564,127,16,1,2026-05-22 11:34:47,2026-05-22 11:34:47
7269,565,1,1,1,2026-05-22 16:31:59,2026-05-22 16:31:59
7270,565,3,2,1,2026-05-22 16:31:59,2026-05-22 16:31:59
7271,565,5,4,1,2026-05-22 16:31:59,2026-05-22 16:31:59
7272,565,6,5,1,2026-05-22 16:31:59,2026-05-22 16:31:59
7273,565,14,6,1,2026-05-22 16:31:59,2026-05-22 16:31:59
7274,565,21,7,1,2026-05-22 16:31:59,2026-05-22 16:31:59
7275,565,24,9,1,2026-05-22 16:31:59,2026-05-22 16:31:59
7276,565,25,10,1,2026-05-22 16:31:59,2026-05-22 16:31:59
7277,565,113,11,1,2026-05-22 16:31:59,2026-05-22 16:31:59
7278,565,114,12,1,2026-05-22 16:31:59,2026-05-22 16:31:59
7279,565,102,13,1,2026-05-22 16:31:59,2026-05-22 16:31:59
7280,565,103,14,1,2026-05-22 16:31:59,2026-05-22 16:31:59
7281,565,80,15,1,2026-05-22 16:31:59,2026-05-22 16:31:59
7282,565,82,16,1,2026-05-22 16:31:59,2026-05-22 16:31:59
7283,566,2,2,1,2026-05-22 10:31:58,2026-05-22 10:31:58
7284,566,5,4,1,2026-05-22 10:31:58,2026-05-22 10:31:58
7285,566,11,6,1,2026-05-22 10:31:58,2026-05-22 10:31:58
7286,566,21,7,1,2026-05-22 10:31:58,2026-05-22 10:31:58
7287,566,25,10,1,2026-05-22 10:31:58,2026-05-22 10:31:58
7288,566,100,11,1,2026-05-22 10:31:58,2026-05-22 10:31:58
7289,566,114,12,1,2026-05-22 10:31:58,2026-05-22 10:31:58
7290,566,102,13,1,2026-05-22 10:31:58,2026-05-22 10:31:58
7291,566,79,14,1,2026-05-22 10:31:58,2026-05-22 10:31:58
7292,566,91,15,1,2026-05-22 10:31:58,2026-05-22 10:31:58
7293,567,1,1,1,2026-05-22 09:53:56,2026-05-22 09:53:56
7294,567,2,2,1,2026-05-22 09:53:56,2026-05-22 09:53:56
7295,567,4,3,1,2026-05-22 09:53:56,2026-05-22 09:53:56
7296,567,5,4,1,2026-05-22 09:53:56,2026-05-22 09:53:56
7297,567,6,5,1,2026-05-22 09:53:56,2026-05-22 09:53:56
7298,567,18,6,1,2026-05-22 09:53:56,2026-05-22 09:53:56
7299,567,24,9,1,2026-05-22 09:53:56,2026-05-22 09:53:56
7300,567,25,10,1,2026-05-22 09:53:56,2026-05-22 09:53:56
7301,567,100,11,1,2026-05-22 09:53:56,2026-05-22 09:53:56
7302,567,114,12,1,2026-05-22 09:53:56,2026-05-22 09:53:56
7303,567,116,13,1,2026-05-22 09:53:56,2026-05-22 09:53:56
7304,567,90,14,1,2026-05-22 09:53:56,2026-05-22 09:53:56
7305,567,80,15,1,2026-05-22 09:53:56,2026-05-22 09:53:56
7306,567,93,16,1,2026-05-22 09:53:56,2026-05-22 09:53:56
7307,569,3,2,1,2026-05-22 17:45:56,2026-05-22 17:45:56
7308,569,4,3,1,2026-05-22 17:45:56,2026-05-22 17:45:56
7309,569,5,4,1,2026-05-22 17:45:56,2026-05-22 17:45:56
7310,569,6,5,1,2026-05-22 17:45:56,2026-05-22 17:45:56
7311,569,11,6,1,2026-05-22 17:45:56,2026-05-22 17:45:56
7312,569,20,7,1,2026-05-22 17:45:56,2026-05-22 17:45:56
7313,569,24,9,1,2026-05-22 17:45:56,2026-05-22 17:45:56
7314,569,25,10,1,2026-05-22 17:45:56,2026-05-22 17:45:56
7315,569,77,12,1,2026-05-22 17:45:56,2026-05-22 17:45:56
7316,569,116,13,1,2026-05-22 17:45:56,2026-05-22 17:45:56
7317,569,90,14,1,2026-05-22 17:45:56,2026-05-22 17:45:56
7318,569,104,15,1,2026-05-22 17:45:56,2026-05-22 17:45:56
7319,571,1,1,1,2026-05-22 16:56:15,2026-05-22 16:56:15
7320,571,3,2,1,2026-05-22 16:56:15,2026-05-22 16:56:15
7321,571,4,3,1,2026-05-22 16:56:15,2026-05-22 16:56:15
7322,571,5,4,1,2026-05-22 16:56:15,2026-05-22 16:56:15
7323,571,6,5,1,2026-05-22 16:56:15,2026-05-22 16:56:15
7324,571,16,6,1,2026-05-22 16:56:15,2026-05-22 16:56:15
7325,571,21,7,1,2026-05-22 16:56:15,2026-05-22 16:56:15
7326,571,24,9,1,2026-05-22 16:56:15,2026-05-22 16:56:15
7327,571,25,10,1,2026-05-22 16:56:15,2026-05-22 16:56:15
7328,571,113,11,1,2026-05-22 16:56:15,2026-05-22 16:56:15
7329,571,78,13,1,2026-05-22 16:56:15,2026-05-22 16:56:15
7330,571,105,16,1,2026-05-22 16:56:15,2026-05-22 16:56:15
7331,573,1,1,1,2026-05-22 10:52:30,2026-05-22 10:52:30
7332,573,2,2,1,2026-05-22 10:52:30,2026-05-22 10:52:30
7333,573,5,4,1,2026-05-22 10:52:30,2026-05-22 10:52:30
7334,573,6,5,1,2026-05-22 10:52:30,2026-05-22 10:52:30
7335,573,24,9,1,2026-05-22 10:52:30,2026-05-22 10:52:30
7336,573,25,10,1,2026-05-22 10:52:30,2026-05-22 10:52:30
7337,573,88,12,1,2026-05-22 10:52:30,2026-05-22 10:52:30
7338,573,102,13,1,2026-05-22 10:52:30,2026-05-22 10:52:30
7339,573,90,14,1,2026-05-22 10:52:30,2026-05-22 10:52:30
7340,573,80,15,1,2026-05-22 10:52:30,2026-05-22 10:52:30
7341,573,121,16,1,2026-05-22 10:52:30,2026-05-22 10:52:30
7342,577,11,6,1,2026-05-22 08:29:10,2026-05-22 08:29:10
7343,577,21,7,1,2026-05-22 08:29:10,2026-05-22 08:29:10
7344,577,24,9,1,2026-05-22 08:29:10,2026-05-22 08:29:10
7345,577,76,11,1,2026-05-22 08:29:10,2026-05-22 08:29:10
7346,577,101,12,1,2026-05-22 08:29:10,2026-05-22 08:29:10
7347,577,78,13,1,2026-05-22 08:29:10,2026-05-22 08:29:10
7348,577,90,14,1,2026-05-22 08:29:10,2026-05-22 08:29:10
7349,577,104,15,1,2026-05-22 08:29:10,2026-05-22 08:29:10
7350,577,121,16,1,2026-05-22 08:29:10,2026-05-22 08:29:10
7351,578,2,2,1,2026-05-22 16:49:29,2026-05-22 16:49:29
7352,578,4,3,1,2026-05-22 16:49:29,2026-05-22 16:49:29
7353,578,5,4,1,2026-05-22 16:49:29,2026-05-22 16:49:29
7354,578,6,5,1,2026-05-22 16:49:29,2026-05-22 16:49:29
7355,578,20,7,1,2026-05-22 16:49:29,2026-05-22 16:49:29
7356,578,24,9,1,2026-05-22 16:49:29,2026-05-22 16:49:29
7357,578,25,10,1,2026-05-22 16:49:29,2026-05-22 16:49:29
7358,578,76,11,1,2026-05-22 16:49:29,2026-05-22 16:49:29
7359,578,77,12,1,2026-05-22 16:49:29,2026-05-22 16:49:29
7360,578,103,14,1,2026-05-22 16:49:29,2026-05-22 16:49:29
7361,578,91,15,1,2026-05-22 16:49:29,2026-05-22 16:49:29
7362,578,121,16,1,2026-05-22 16:49:29,2026-05-22 16:49:29
7363,579,1,1,1,2026-05-22 14:31:07,2026-05-22 14:31:07
7364,579,5,4,1,2026-05-22 14:31:07,2026-05-22 14:31:07
7365,579,12,6,1,2026-05-22 14:31:07,2026-05-22 14:31:07
7366,579,21,7,1,2026-05-22 14:31:07,2026-05-22 14:31:07
7367,579,24,9,1,2026-05-22 14:31:07,2026-05-22 14:31:07
7368,579,25,10,1,2026-05-22 14:31:07,2026-05-22 14:31:07
7369,579,77,12,1,2026-05-22 14:31:07,2026-05-22 14:31:07
7370,579,116,13,1,2026-05-22 14:31:07,2026-05-22 14:31:07
7371,579,90,14,1,2026-05-22 14:31:07,2026-05-22 14:31:07
7372,579,105,16,1,2026-05-22 14:31:07,2026-05-22 14:31:07
7373,582,1,1,1,2026-05-22 14:49:12,2026-05-22 14:49:12
7374,582,2,2,1,2026-05-22 14:49:12,2026-05-22 14:49:12
7375,582,5,4,1,2026-05-22 14:49:12,2026-05-22 14:49:12
7376,582,9,6,1,2026-05-22 14:49:12,2026-05-22 14:49:12
7377,582,20,7,1,2026-05-22 14:49:12,2026-05-22 14:49:12
7378,582,25,10,1,2026-05-22 14:49:12,2026-05-22 14:49:12
7379,582,114,12,1,2026-05-22 14:49:12,2026-05-22 14:49:12
7380,582,78,13,1,2026-05-22 14:49:12,2026-05-22 14:49:12
7381,582,103,14,1,2026-05-22 14:49:12,2026-05-22 14:49:12
7382,582,108,16,1,2026-05-22 14:49:12,2026-05-22 14:49:12
7383,584,1,1,1,2026-05-22 11:27:02,2026-05-22 11:27:02
7384,584,2,2,1,2026-05-22 11:27:02,2026-05-22 11:27:02
7385,584,4,3,1,2026-05-22 11:27:02,2026-05-22 11:27:02
7386,584,5,4,1,2026-05-22 11:27:02,2026-05-22 11:27:02
7387,584,6,5,1,2026-05-22 11:27:02,2026-05-22 11:27:02
7388,584,20,7,1,2026-05-22 11:27:02,2026-05-22 11:27:02
7389,584,24,9,1,2026-05-22 11:27:02,2026-05-22 11:27:02
7390,584,25,10,1,2026-05-22 11:27:02,2026-05-22 11:27:02
7391,584,100,11,1,2026-05-22 11:27:02,2026-05-22 11:27:02
7392,584,77,12,1,2026-05-22 11:27:02,2026-05-22 11:27:02
7393,584,78,13,1,2026-05-22 11:27:02,2026-05-22 11:27:02
7394,584,90,14,1,2026-05-22 11:27:02,2026-05-22 11:27:02
7395,584,111,16,1,2026-05-22 11:27:02,2026-05-22 11:27:02
7396,585,1,1,1,2026-05-22 13:29:21,2026-05-22 13:29:21
7397,585,3,2,1,2026-05-22 13:29:21,2026-05-22 13:29:21
7398,585,4,3,1,2026-05-22 13:29:21,2026-05-22 13:29:21
7399,585,5,4,1,2026-05-22 13:29:21,2026-05-22 13:29:21
7400,585,6,5,1,2026-05-22 13:29:21,2026-05-22 13:29:21
7401,585,7,6,1,2026-05-22 13:29:21,2026-05-22 13:29:21
7402,585,21,7,1,2026-05-22 13:29:21,2026-05-22 13:29:21
7403,585,24,9,1,2026-05-22 13:29:21,2026-05-22 13:29:21
7404,585,25,10,1,2026-05-22 13:29:21,2026-05-22 13:29:21
7405,585,76,11,1,2026-05-22 13:29:21,2026-05-22 13:29:21
7406,585,88,12,1,2026-05-22 13:29:21,2026-05-22 13:29:21
7407,585,78,13,1,2026-05-22 13:29:21,2026-05-22 13:29:21
7408,585,79,14,1,2026-05-22 13:29:21,2026-05-22 13:29:21
7409,585,104,15,1,2026-05-22 13:29:21,2026-05-22 13:29:21
7410,585,105,16,1,2026-05-22 13:29:21,2026-05-22 13:29:21
7411,586,1,1,1,2026-05-22 15:48:02,2026-05-22 15:48:02
7412,586,3,2,1,2026-05-22 15:48:02,2026-05-22 15:48:02
7413,586,4,3,1,2026-05-22 15:48:02,2026-05-22 15:48:02
7414,586,5,4,1,2026-05-22 15:48:02,2026-05-22 15:48:02
7415,586,6,5,1,2026-05-22 15:48:02,2026-05-22 15:48:02
7416,586,7,6,1,2026-05-22 15:48:02,2026-05-22 15:48:02
7417,586,21,7,1,2026-05-22 15:48:02,2026-05-22 15:48:02
7418,586,24,9,1,2026-05-22 15:48:02,2026-05-22 15:48:02
7419,586,25,10,1,2026-05-22 15:48:02,2026-05-22 15:48:02
7420,586,87,11,1,2026-05-22 15:48:02,2026-05-22 15:48:02
7421,586,101,12,1,2026-05-22 15:48:02,2026-05-22 15:48:02
7422,586,102,13,1,2026-05-22 15:48:02,2026-05-22 15:48:02
7423,586,90,14,1,2026-05-22 15:48:02,2026-05-22 15:48:02
7424,586,91,15,1,2026-05-22 15:48:02,2026-05-22 15:48:02
7425,586,128,16,1,2026-05-22 15:48:02,2026-05-22 15:48:02
7426,587,1,1,1,2026-05-22 08:59:03,2026-05-22 08:59:03
7427,587,2,2,1,2026-05-22 08:59:03,2026-05-22 08:59:03
7428,587,5,4,1,2026-05-22 08:59:03,2026-05-22 08:59:03
7429,587,6,5,1,2026-05-22 08:59:03,2026-05-22 08:59:03
7430,587,9,6,1,2026-05-22 08:59:03,2026-05-22 08:59:03
7431,587,20,7,1,2026-05-22 08:59:03,2026-05-22 08:59:03
7432,587,24,9,1,2026-05-22 08:59:03,2026-05-22 08:59:03
7433,587,25,10,1,2026-05-22 08:59:03,2026-05-22 08:59:03
7434,587,87,11,1,2026-05-22 08:59:03,2026-05-22 08:59:03
7435,587,77,12,1,2026-05-22 08:59:03,2026-05-22 08:59:03
7436,587,116,13,1,2026-05-22 08:59:03,2026-05-22 08:59:03
7437,587,118,14,1,2026-05-22 08:59:03,2026-05-22 08:59:03
7438,587,104,15,1,2026-05-22 08:59:03,2026-05-22 08:59:03
7439,587,95,16,1,2026-05-22 08:59:03,2026-05-22 08:59:03
7440,589,4,3,1,2026-05-22 11:35:45,2026-05-22 11:35:45
7441,589,5,4,1,2026-05-22 11:35:45,2026-05-22 11:35:45
7442,589,6,5,1,2026-05-22 11:35:45,2026-05-22 11:35:45
7443,589,21,7,1,2026-05-22 11:35:45,2026-05-22 11:35:45
7444,589,24,9,1,2026-05-22 11:35:45,2026-05-22 11:35:45
7445,589,25,10,1,2026-05-22 11:35:45,2026-05-22 11:35:45
7446,589,113,11,1,2026-05-22 11:35:45,2026-05-22 11:35:45
7447,589,114,12,1,2026-05-22 11:35:45,2026-05-22 11:35:45
7448,589,116,13,1,2026-05-22 11:35:45,2026-05-22 11:35:45
7449,589,91,15,1,2026-05-22 11:35:45,2026-05-22 11:35:45
7450,592,2,2,1,2026-05-22 16:46:28,2026-05-22 16:46:28
7451,592,4,3,1,2026-05-22 16:46:28,2026-05-22 16:46:28
7452,592,6,5,1,2026-05-22 16:46:28,2026-05-22 16:46:28
7453,592,21,7,1,2026-05-22 16:46:28,2026-05-22 16:46:28
7454,592,25,10,1,2026-05-22 16:46:28,2026-05-22 16:46:28
7455,592,113,11,1,2026-05-22 16:46:28,2026-05-22 16:46:28
7456,592,101,12,1,2026-05-22 16:46:28,2026-05-22 16:46:28
7457,592,118,14,1,2026-05-22 16:46:28,2026-05-22 16:46:28
7458,592,119,15,1,2026-05-22 16:46:28,2026-05-22 16:46:28
7459,594,1,1,1,2026-05-22 09:18:34,2026-05-22 09:18:34
7460,594,4,3,1,2026-05-22 09:18:34,2026-05-22 09:18:34
7461,594,5,4,1,2026-05-22 09:18:34,2026-05-22 09:18:34
7462,594,6,5,1,2026-05-22 09:18:34,2026-05-22 09:18:34
7463,594,21,7,1,2026-05-22 09:18:34,2026-05-22 09:18:34
7464,594,24,9,1,2026-05-22 09:18:34,2026-05-22 09:18:34
7465,594,25,10,1,2026-05-22 09:18:34,2026-05-22 09:18:34
7466,594,101,12,1,2026-05-22 09:18:34,2026-05-22 09:18:34
7467,594,78,13,1,2026-05-22 09:18:34,2026-05-22 09:18:34
7468,594,119,15,1,2026-05-22 09:18:34,2026-05-22 09:18:34
7469,594,82,16,1,2026-05-22 09:18:34,2026-05-22 09:18:34
7470,599,1,1,1,2026-05-22 10:15:57,2026-05-22 10:15:57
7471,599,4,3,1,2026-05-22 10:15:57,2026-05-22 10:15:57
7472,599,5,4,1,2026-05-22 10:15:57,2026-05-22 10:15:57
7473,599,6,5,1,2026-05-22 10:15:57,2026-05-22 10:15:57
7474,599,16,6,1,2026-05-22 10:15:57,2026-05-22 10:15:57
7475,599,20,7,1,2026-05-22 10:15:57,2026-05-22 10:15:57
7476,599,24,9,1,2026-05-22 10:15:57,2026-05-22 10:15:57
7477,599,25,10,1,2026-05-22 10:15:57,2026-05-22 10:15:57
7478,599,87,11,1,2026-05-22 10:15:57,2026-05-22 10:15:57
7479,599,101,12,1,2026-05-22 10:15:57,2026-05-22 10:15:57
7480,599,118,14,1,2026-05-22 10:15:57,2026-05-22 10:15:57
7481,599,93,16,1,2026-05-22 10:15:57,2026-05-22 10:15:57
7482,603,1,1,1,2026-05-22 12:37:45,2026-05-22 12:37:45
7483,603,2,2,1,2026-05-22 12:37:45,2026-05-22 12:37:45
7484,603,4,3,1,2026-05-22 12:37:45,2026-05-22 12:37:45
7485,603,5,4,1,2026-05-22 12:37:45,2026-05-22 12:37:45
7486,603,15,6,1,2026-05-22 12:37:45,2026-05-22 12:37:45
7487,603,21,7,1,2026-05-22 12:37:45,2026-05-22 12:37:45
7488,603,100,11,1,2026-05-22 12:37:45,2026-05-22 12:37:45
7489,603,114,12,1,2026-05-22 12:37:45,2026-05-22 12:37:45
7490,603,104,15,1,2026-05-22 12:37:45,2026-05-22 12:37:45
7491,603,111,16,1,2026-05-22 12:37:45,2026-05-22 12:37:45
7492,608,4,3,1,2026-05-22 09:37:04,2026-05-22 09:37:04
7493,608,5,4,1,2026-05-22 09:37:04,2026-05-22 09:37:04
7494,608,6,5,1,2026-05-22 09:37:04,2026-05-22 09:37:04
7495,608,16,6,1,2026-05-22 09:37:04,2026-05-22 09:37:04
7496,608,20,7,1,2026-05-22 09:37:04,2026-05-22 09:37:04
7497,608,76,11,1,2026-05-22 09:37:04,2026-05-22 09:37:04
7498,608,77,12,1,2026-05-22 09:37:04,2026-05-22 09:37:04
7499,608,116,13,1,2026-05-22 09:37:04,2026-05-22 09:37:04
7500,608,118,14,1,2026-05-22 09:37:04,2026-05-22 09:37:04
7501,609,1,1,1,2026-05-22 13:14:56,2026-05-22 13:14:56
7502,609,2,2,1,2026-05-22 13:14:56,2026-05-22 13:14:56
7503,609,4,3,1,2026-05-22 13:14:56,2026-05-22 13:14:56
7504,609,5,4,1,2026-05-22 13:14:56,2026-05-22 13:14:56
7505,609,6,5,1,2026-05-22 13:14:56,2026-05-22 13:14:56
7506,609,12,6,1,2026-05-22 13:14:56,2026-05-22 13:14:56
7507,609,21,7,1,2026-05-22 13:14:56,2026-05-22 13:14:56
7508,609,24,9,1,2026-05-22 13:14:56,2026-05-22 13:14:56
7509,609,25,10,1,2026-05-22 13:14:56,2026-05-22 13:14:56
7510,609,87,11,1,2026-05-22 13:14:56,2026-05-22 13:14:56
7511,609,77,12,1,2026-05-22 13:14:56,2026-05-22 13:14:56
7512,609,102,13,1,2026-05-22 13:14:56,2026-05-22 13:14:56
7513,609,79,14,1,2026-05-22 13:14:56,2026-05-22 13:14:56
7514,609,119,15,1,2026-05-22 13:14:56,2026-05-22 13:14:56
7515,612,1,1,1,2026-05-22 10:16:11,2026-05-22 10:16:11
7516,612,2,2,1,2026-05-22 10:16:11,2026-05-22 10:16:11
7517,612,4,3,1,2026-05-22 10:16:11,2026-05-22 10:16:11
7518,612,5,4,1,2026-05-22 10:16:11,2026-05-22 10:16:11
7519,612,18,6,1,2026-05-22 10:16:11,2026-05-22 10:16:11
7520,612,20,7,1,2026-05-22 10:16:11,2026-05-22 10:16:11
7521,612,24,9,1,2026-05-22 10:16:11,2026-05-22 10:16:11
7522,612,100,11,1,2026-05-22 10:16:11,2026-05-22 10:16:11
7523,612,116,13,1,2026-05-22 10:16:11,2026-05-22 10:16:11
7524,612,118,14,1,2026-05-22 10:16:11,2026-05-22 10:16:11
7525,612,108,16,1,2026-05-22 10:16:11,2026-05-22 10:16:11
7526,614,1,1,1,2026-05-22 15:49:04,2026-05-22 15:49:04
7527,614,4,3,1,2026-05-22 15:49:04,2026-05-22 15:49:04
7528,614,5,4,1,2026-05-22 15:49:04,2026-05-22 15:49:04
7529,614,6,5,1,2026-05-22 15:49:04,2026-05-22 15:49:04
7530,614,15,6,1,2026-05-22 15:49:04,2026-05-22 15:49:04
7531,614,20,7,1,2026-05-22 15:49:04,2026-05-22 15:49:04
7532,614,25,10,1,2026-05-22 15:49:04,2026-05-22 15:49:04
7533,614,77,12,1,2026-05-22 15:49:04,2026-05-22 15:49:04
7534,614,102,13,1,2026-05-22 15:49:04,2026-05-22 15:49:04
7535,614,90,14,1,2026-05-22 15:49:04,2026-05-22 15:49:04
7536,614,109,16,1,2026-05-22 15:49:04,2026-05-22 15:49:04
7537,615,1,1,1,2026-05-22 16:13:36,2026-05-22 16:13:36
7538,615,4,3,1,2026-05-22 16:13:36,2026-05-22 16:13:36
7539,615,5,4,1,2026-05-22 16:13:36,2026-05-22 16:13:36
7540,615,6,5,1,2026-05-22 16:13:36,2026-05-22 16:13:36
7541,615,15,6,1,2026-05-22 16:13:36,2026-05-22 16:13:36
7542,615,20,7,1,2026-05-22 16:13:36,2026-05-22 16:13:36
7543,615,24,9,1,2026-05-22 16:13:36,2026-05-22 16:13:36
7544,615,25,10,1,2026-05-22 16:13:36,2026-05-22 16:13:36
7545,615,114,12,1,2026-05-22 16:13:36,2026-05-22 16:13:36
7546,615,78,13,1,2026-05-22 16:13:36,2026-05-22 16:13:36
7547,615,118,14,1,2026-05-22 16:13:36,2026-05-22 16:13:36
7548,615,104,15,1,2026-05-22 16:13:36,2026-05-22 16:13:36
7549,615,97,16,1,2026-05-22 16:13:36,2026-05-22 16:13:36
7550,617,1,1,1,2026-05-22 10:36:22,2026-05-22 10:36:22
7551,617,2,2,1,2026-05-22 10:36:22,2026-05-22 10:36:22
7552,617,4,3,1,2026-05-22 10:36:22,2026-05-22 10:36:22
7553,617,5,4,1,2026-05-22 10:36:22,2026-05-22 10:36:22
7554,617,6,5,1,2026-05-22 10:36:22,2026-05-22 10:36:22
7555,617,8,6,1,2026-05-22 10:36:22,2026-05-22 10:36:22
7556,617,20,7,1,2026-05-22 10:36:22,2026-05-22 10:36:22
7557,617,24,9,1,2026-05-22 10:36:22,2026-05-22 10:36:22
7558,617,25,10,1,2026-05-22 10:36:22,2026-05-22 10:36:22
7559,617,87,11,1,2026-05-22 10:36:22,2026-05-22 10:36:22
7560,617,101,12,1,2026-05-22 10:36:22,2026-05-22 10:36:22
7561,617,116,13,1,2026-05-22 10:36:22,2026-05-22 10:36:22
7562,617,103,14,1,2026-05-22 10:36:22,2026-05-22 10:36:22
7563,617,91,15,1,2026-05-22 10:36:22,2026-05-22 10:36:22
7564,617,106,16,1,2026-05-22 10:36:22,2026-05-22 10:36:22
7565,618,1,1,1,2026-05-22 16:40:14,2026-05-22 16:40:14
7566,618,3,2,1,2026-05-22 16:40:14,2026-05-22 16:40:14
7567,618,4,3,1,2026-05-22 16:40:14,2026-05-22 16:40:14
7568,618,6,5,1,2026-05-22 16:40:14,2026-05-22 16:40:14
7569,618,11,6,1,2026-05-22 16:40:14,2026-05-22 16:40:14
7570,618,21,7,1,2026-05-22 16:40:14,2026-05-22 16:40:14
7571,618,24,9,1,2026-05-22 16:40:14,2026-05-22 16:40:14
7572,618,25,10,1,2026-05-22 16:40:14,2026-05-22 16:40:14
7573,618,76,11,1,2026-05-22 16:40:14,2026-05-22 16:40:14
7574,618,77,12,1,2026-05-22 16:40:14,2026-05-22 16:40:14
7575,618,78,13,1,2026-05-22 16:40:14,2026-05-22 16:40:14
7576,618,103,14,1,2026-05-22 16:40:14,2026-05-22 16:40:14
7577,618,91,15,1,2026-05-22 16:40:14,2026-05-22 16:40:14
7578,618,84,16,1,2026-05-22 16:40:14,2026-05-22 16:40:14
7579,619,1,1,1,2026-05-22 14:41:40,2026-05-22 14:41:40
7580,619,5,4,1,2026-05-22 14:41:40,2026-05-22 14:41:40
7581,619,6,5,1,2026-05-22 14:41:40,2026-05-22 14:41:40
7582,619,9,6,1,2026-05-22 14:41:40,2026-05-22 14:41:40
7583,619,20,7,1,2026-05-22 14:41:40,2026-05-22 14:41:40
7584,619,24,9,1,2026-05-22 14:41:40,2026-05-22 14:41:40
7585,619,113,11,1,2026-05-22 14:41:40,2026-05-22 14:41:40
7586,619,77,12,1,2026-05-22 14:41:40,2026-05-22 14:41:40
7587,619,118,14,1,2026-05-22 14:41:40,2026-05-22 14:41:40
7588,619,104,15,1,2026-05-22 14:41:40,2026-05-22 14:41:40
